q0,q1,q2,q3,q4,q5,q6,q7,q8,q9,q10,q11,q12,q13,q14,q15,q16,q17,q18,q19,q20,q21,q22,q23,q24,q25,q26,q27,q28,q29,q30,q31,q32,q33,q34,q35,q36,q37,q38,q39,q40,q41,q42,q43,q44,q45,q46,q47,q48,output
0,0,0,0,0,0,0,0,0,0,0,0,0,0,0,0,0,0,0,0,0,0,0,0,8,8,8,8,0,0,0,8,8,3,3,0,0,0,8,8,3,3,0,0,0,8,8,3,3,8
0,0,0,0,0,0,0,0,0,0,0,0,0,0,0,0,0,0,0,0,0,0,0,8,8,8,8,8,0,0,8,8,3,3,3,0,0,8,8,3,3,3,0,0,8,8,3,3,3,8
0,0,0,0,0,0,0,0,0,0,0,0,0,0,0,0,0,0,0,0,0,0,8,8,8,8,8,8,0,8,8,3,3,3,8,0,8,8,3,3,3,8,0,8,8,3,3,3,8,8
0,0,0,0,0,0,0,0,0,0,0,0,0,0,0,0,0,0,0,0,0,8,8,8,8,8,8,8,8,8,3,3,3,8,8,8,8,3,3,3,8,8,8,8,3,3,3,8,8,8
0,0,0,0,0,0,0,0,0,0,0,0,0,0,0,0,0,0,0,0,0,8,8,8,8,8,8,8,8,3,3,3,8,8,8,8,3,3,3,8,8,8,8,3,3,3,8,8,8,8
0,0,0,0,0,0,0,0,0,0,0,0,0,0,0,0,0,0,0,0,0,8,8,8,8,8,8,8,3,3,3,8,8,8,8,3,3,3,8,8,8,8,3,3,3,8,8,8,8,8
0,0,0,0,0,0,0,0,0,0,0,0,0,0,0,0,0,0,0,0,0,8,8,8,8,8,8,8,3,3,8,8,8,8,8,3,3,8,8,8,8,8,3,3,8,8,8,8,4,8
0,0,0,0,0,0,0,0,0,0,0,0,0,0,0,0,0,0,0,0,0,8,8,8,8,8,8,8,3,8,8,8,8,8,8,3,8,8,8,8,8,8,3,8,8,8,8,4,8,8
0,0,0,0,0,0,0,0,0,0,0,0,0,0,0,0,0,0,0,0,0,8,8,8,8,8,8,8,8,8,8,8,8,8,8,8,8,8,8,8,8,8,8,8,8,8,4,8,8,8
0,0,0,0,0,0,0,0,0,0,0,0,0,0,0,0,0,0,0,0,0,8,8,8,8,8,8,0,8,8,8,8,8,8,0,8,8,8,8,8,8,0,8,8,8,4,8,8,0,8
0,0,0,0,0,0,0,0,0,0,0,0,0,0,0,0,0,0,0,0,0,8,8,8,8,8,0,0,8,8,8,8,8,0,0,8,8,8,8,8,0,0,8,8,4,8,8,0,0,8
0,0,0,0,0,0,0,0,0,0,0,0,0,0,0,0,0,0,0,0,0,8,8,8,8,0,0,0,8,8,8,8,0,0,0,8,8,8,8,0,0,0,8,4,8,8,0,0,0,8
0,0,0,0,0,0,0,0,0,0,0,0,0,0,0,0,0,8,8,8,8,0,0,0,8,8,3,3,0,0,0,8,8,3,3,0,0,0,8,8,3,3,0,0,0,8,8,3,3,8
0,0,0,0,0,0,0,0,0,0,0,0,0,0,0,0,8,8,8,8,8,0,0,8,8,3,3,3,0,0,8,8,3,3,3,0,0,8,8,3,3,3,0,0,8,8,3,3,3,8
0,0,0,0,0,0,0,0,0,0,0,0,0,0,0,8,8,8,8,8,8,0,8,8,3,3,3,8,0,8,8,3,3,3,8,0,8,8,3,3,3,8,0,8,8,3,3,3,8,3
0,0,0,0,0,0,0,0,0,0,0,0,0,0,8,8,8,8,8,8,8,8,8,3,3,3,8,8,8,8,3,3,3,8,8,8,8,3,3,3,8,8,8,8,3,3,3,8,8,3
0,0,0,0,0,0,0,0,0,0,0,0,0,0,8,8,8,8,8,8,8,8,3,3,3,8,8,8,8,3,3,3,8,8,8,8,3,3,3,8,8,8,8,3,3,3,8,8,8,3
0,0,0,0,0,0,0,0,0,0,0,0,0,0,8,8,8,8,8,8,8,3,3,3,8,8,8,8,3,3,3,8,8,8,8,3,3,3,8,8,8,8,3,3,3,8,8,8,8,8
0,0,0,0,0,0,0,0,0,0,0,0,0,0,8,8,8,8,8,8,8,3,3,8,8,8,8,8,3,3,8,8,8,8,8,3,3,8,8,8,8,4,3,3,8,8,8,8,8,8
0,0,0,0,0,0,0,0,0,0,0,0,0,0,8,8,8,8,8,8,8,3,8,8,8,8,8,8,3,8,8,8,8,8,8,3,8,8,8,8,4,8,3,8,8,8,8,8,8,8
0,0,0,0,0,0,0,0,0,0,0,0,0,0,8,8,8,8,8,8,8,8,8,8,8,8,8,8,8,8,8,8,8,8,8,8,8,8,8,4,8,8,8,8,8,8,8,8,8,8
0,0,0,0,0,0,0,0,0,0,0,0,0,0,8,8,8,8,8,8,0,8,8,8,8,8,8,0,8,8,8,8,8,8,0,8,8,8,4,8,8,0,8,8,8,8,8,8,0,8
0,0,0,0,0,0,0,0,0,0,0,0,0,0,8,8,8,8,8,0,0,8,8,8,8,8,0,0,8,8,8,8,8,0,0,8,8,4,8,8,0,0,8,8,8,8,8,0,0,8
0,0,0,0,0,0,0,0,0,0,0,0,0,0,8,8,8,8,0,0,0,8,8,8,8,0,0,0,8,8,8,8,0,0,0,8,4,8,8,0,0,0,8,8,8,8,0,0,0,8
0,0,0,0,0,0,0,0,0,0,8,8,8,8,0,0,0,8,8,3,3,0,0,0,8,8,3,3,0,0,0,8,8,3,3,0,0,0,8,8,3,3,0,0,0,8,8,8,8,8
0,0,0,0,0,0,0,0,0,8,8,8,8,8,0,0,8,8,3,3,3,0,0,8,8,3,3,3,0,0,8,8,3,3,3,0,0,8,8,3,3,3,0,0,8,8,8,8,8,8
0,0,0,0,0,0,0,0,8,8,8,8,8,8,0,8,8,3,3,3,8,0,8,8,3,3,3,8,0,8,8,3,3,3,8,0,8,8,3,3,3,8,0,8,8,8,8,8,8,3
0,0,0,0,0,0,0,8,8,8,8,8,8,8,8,8,3,3,3,8,8,8,8,3,3,3,8,8,8,8,3,3,3,8,8,8,8,3,3,3,8,8,8,8,8,8,8,8,8,3
0,0,0,0,0,0,0,8,8,8,8,8,8,8,8,3,3,3,8,8,8,8,3,3,3,8,8,8,8,3,3,3,8,8,8,8,3,3,3,8,8,8,8,8,8,8,8,8,8,3
0,0,0,0,0,0,0,8,8,8,8,8,8,8,3,3,3,8,8,8,8,3,3,3,8,8,8,8,3,3,3,8,8,8,8,3,3,3,8,8,8,8,8,8,8,8,8,8,8,8
0,0,0,0,0,0,0,8,8,8,8,8,8,8,3,3,8,8,8,8,8,3,3,8,8,8,8,8,3,3,8,8,8,8,4,3,3,8,8,8,8,8,8,8,8,8,8,8,8,8
0,0,0,0,0,0,0,8,8,8,8,8,8,8,3,8,8,8,8,8,8,3,8,8,8,8,8,8,3,8,8,8,8,4,8,3,8,8,8,8,8,8,8,8,8,8,8,8,8,8
0,0,0,0,0,0,0,8,8,8,8,8,8,8,8,8,8,8,8,8,8,8,8,8,8,8,8,8,8,8,8,8,4,8,8,8,8,8,8,8,8,8,8,8,8,8,8,8,8,8
0,0,0,0,0,0,0,8,8,8,8,8,8,0,8,8,8,8,8,8,0,8,8,8,8,8,8,0,8,8,8,4,8,8,0,8,8,8,8,8,8,0,8,8,8,8,8,8,0,8
0,0,0,0,0,0,0,8,8,8,8,8,0,0,8,8,8,8,8,0,0,8,8,8,8,8,0,0,8,8,4,8,8,0,0,8,8,8,8,8,0,0,8,8,8,8,8,0,0,8
0,0,0,0,0,0,0,8,8,8,8,0,0,0,8,8,8,8,0,0,0,8,8,8,8,0,0,0,8,4,8,8,0,0,0,8,8,8,8,0,0,0,8,8,8,8,0,0,0,8
0,0,0,8,8,8,8,0,0,0,8,8,3,3,0,0,0,8,8,3,3,0,0,0,8,8,3,3,0,0,0,8,8,3,3,0,0,0,8,8,8,8,0,0,0,8,8,8,8,8
0,0,8,8,8,8,8,0,0,8,8,3,3,3,0,0,8,8,3,3,3,0,0,8,8,3,3,3,0,0,8,8,3,3,3,0,0,8,8,8,8,8,0,0,8,8,8,8,8,8
0,8,8,8,8,8,8,0,8,8,3,3,3,8,0,8,8,3,3,3,8,0,8,8,3,3,3,8,0,8,8,3,3,3,8,0,8,8,8,8,8,8,0,8,8,8,8,8,8,3
8,8,8,8,8,8,8,8,8,3,3,3,8,8,8,8,3,3,3,8,8,8,8,3,3,3,8,8,8,8,3,3,3,8,8,8,8,8,8,8,8,8,8,8,8,8,8,8,8,3
8,8,8,8,8,8,8,8,3,3,3,8,8,8,8,3,3,3,8,8,8,8,3,3,3,8,8,8,8,3,3,3,8,8,8,8,8,8,8,8,8,8,8,8,8,8,8,8,8,3
8,8,8,8,8,8,8,3,3,3,8,8,8,8,3,3,3,8,8,8,8,3,3,3,8,8,8,8,3,3,3,8,8,8,8,8,8,8,8,8,8,8,8,8,8,8,8,8,8,4
8,8,8,8,8,8,8,3,3,8,8,8,8,8,3,3,8,8,8,8,8,3,3,8,8,8,8,4,3,3,8,8,8,8,8,8,8,8,8,8,8,8,8,8,8,8,8,8,8,4
8,8,8,8,8,8,8,3,8,8,8,8,8,8,3,8,8,8,8,8,8,3,8,8,8,8,4,8,3,8,8,8,8,8,8,8,8,8,8,8,8,8,8,8,8,8,8,8,8,4
8,8,8,8,8,8,8,8,8,8,8,8,8,8,8,8,8,8,8,8,8,8,8,8,8,4,8,8,8,8,8,8,8,8,8,8,8,8,8,8,8,8,8,8,8,8,8,8,8,4
8,8,8,8,8,8,0,8,8,8,8,8,8,0,8,8,8,8,8,8,0,8,8,8,4,8,8,0,8,8,8,8,8,8,0,8,8,8,8,8,8,0,8,8,8,8,8,8,0,4
8,8,8,8,8,0,0,8,8,8,8,8,0,0,8,8,8,8,8,0,0,8,8,4,8,8,0,0,8,8,8,8,8,0,0,8,8,8,8,8,0,0,8,8,8,8,8,0,0,8
8,8,8,8,0,0,0,8,8,8,8,0,0,0,8,8,8,8,0,0,0,8,4,8,8,0,0,0,8,8,8,8,0,0,0,8,8,8,8,0,0,0,8,8,8,8,0,0,0,8
0,0,0,8,8,3,3,0,0,0,8,8,3,3,0,0,0,8,8,3,3,0,0,0,8,8,3,3,0,0,0,8,8,8,8,0,0,0,8,8,8,8,0,0,0,8,8,8,8,8
0,0,8,8,3,3,3,0,0,8,8,3,3,3,0,0,8,8,3,3,3,0,0,8,8,3,3,3,0,0,8,8,8,8,8,0,0,8,8,8,8,8,0,0,8,8,8,8,8,8
0,8,8,3,3,3,8,0,8,8,3,3,3,8,0,8,8,3,3,3,8,0,8,8,3,3,3,8,0,8,8,8,8,8,8,0,8,8,8,8,8,8,0,8,8,8,8,8,8,3
8,8,3,3,3,8,8,8,8,3,3,3,8,8,8,8,3,3,3,8,8,8,8,3,3,3,8,8,8,8,8,8,8,8,8,8,8,8,8,8,8,8,8,8,8,8,8,8,8,3
8,3,3,3,8,8,8,8,3,3,3,8,8,8,8,3,3,3,8,8,8,8,3,3,3,8,8,8,8,8,8,8,8,8,8,8,8,8,8,8,8,8,8,8,8,8,8,8,4,3
3,3,3,8,8,8,8,3,3,3,8,8,8,8,3,3,3,8,8,8,8,3,3,3,8,8,8,8,8,8,8,8,8,8,8,8,8,8,8,8,8,8,8,8,8,8,8,4,8,8
3,3,8,8,8,8,8,3,3,8,8,8,8,8,3,3,8,8,8,8,4,3,3,8,8,8,8,8,8,8,8,8,8,8,8,8,8,8,8,8,8,8,8,8,8,8,4,8,8,8
3,8,8,8,8,8,8,3,8,8,8,8,8,8,3,8,8,8,8,4,8,3,8,8,8,8,8,8,8,8,8,8,8,8,8,8,8,8,8,8,8,8,8,8,8,4,8,8,8,8
8,8,8,8,8,8,8,8,8,8,8,8,8,8,8,8,8,8,4,8,8,8,8,8,8,8,8,8,8,8,8,8,8,8,8,8,8,8,8,8,8,8,8,8,4,8,8,8,8,8
8,8,8,8,8,8,0,8,8,8,8,8,8,0,8,8,8,4,8,8,0,8,8,8,8,8,8,0,8,8,8,8,8,8,0,8,8,8,8,8,8,0,8,4,8,8,8,8,0,8
8,8,8,8,8,0,0,8,8,8,8,8,0,0,8,8,4,8,8,0,0,8,8,8,8,8,0,0,8,8,8,8,8,0,0,8,8,8,8,8,0,0,4,8,8,8,8,0,0,8
8,8,8,8,0,0,0,8,8,8,8,0,0,0,8,4,8,8,0,0,0,8,8,8,8,0,0,0,8,8,8,8,0,0,0,8,8,8,8,0,0,0,8,8,8,8,0,0,0,8
0,0,0,8,8,3,3,0,0,0,8,8,3,3,0,0,0,8,8,3,3,0,0,0,8,8,8,8,0,0,0,8,8,8,8,0,0,0,8,8,8,8,0,0,0,8,8,8,8,8
0,0,8,8,3,3,3,0,0,8,8,3,3,3,0,0,8,8,3,3,3,0,0,8,8,8,8,8,0,0,8,8,8,8,8,0,0,8,8,8,8,8,0,0,8,8,8,8,8,8
0,8,8,3,3,3,8,0,8,8,3,3,3,8,0,8,8,3,3,3,8,0,8,8,8,8,8,8,0,8,8,8,8,8,8,0,8,8,8,8,8,8,0,8,8,8,8,8,8,8
8,8,3,3,3,8,8,8,8,3,3,3,8,8,8,8,3,3,3,8,8,8,8,8,8,8,8,8,8,8,8,8,8,8,8,8,8,8,8,8,8,8,8,8,8,8,8,8,8,8
8,3,3,3,8,8,8,8,3,3,3,8,8,8,8,3,3,3,8,8,8,8,8,8,8,8,8,8,8,8,8,8,8,8,8,8,8,8,8,8,8,4,8,8,8,8,8,8,8,8
3,3,3,8,8,8,8,3,3,3,8,8,8,8,3,3,3,8,8,8,8,8,8,8,8,8,8,8,8,8,8,8,8,8,8,8,8,8,8,8,4,8,8,8,8,8,8,8,8,8
3,3,8,8,8,8,8,3,3,8,8,8,8,4,3,3,8,8,8,8,8,8,8,8,8,8,8,8,8,8,8,8,8,8,8,8,8,8,8,4,8,8,8,8,8,8,8,8,8,8
3,8,8,8,8,8,8,3,8,8,8,8,4,8,3,8,8,8,8,8,8,8,8,8,8,8,8,8,8,8,8,8,8,8,8,8,8,8,4,8,8,8,8,8,8,8,8,8,8,8
8,8,8,8,8,8,8,8,8,8,8,4,8,8,8,8,8,8,8,8,8,8,8,8,8,8,8,8,8,8,8,8,8,8,8,8,8,4,8,8,8,8,8,8,8,8,8,8,8,8
8,8,8,8,8,8,0,8,8,8,4,8,8,0,8,8,8,8,8,8,0,8,8,8,8,8,8,0,8,8,8,8,8,8,0,8,4,8,8,8,8,0,8,8,8,8,8,8,0,8
8,8,8,8,8,0,0,8,8,4,8,8,0,0,8,8,8,8,8,0,0,8,8,8,8,8,0,0,8,8,8,8,8,0,0,4,8,8,8,8,0,0,8,8,8,8,8,0,0,8
8,8,8,8,0,0,0,8,4,8,8,0,0,0,8,8,8,8,0,0,0,8,8,8,8,0,0,0,8,8,8,8,0,0,0,8,8,8,8,0,0,0,8,8,8,8,0,0,0,8
0,0,0,8,8,3,3,0,0,0,8,8,3,3,0,0,0,8,8,8,8,0,0,0,8,8,8,8,0,0,0,8,8,8,8,0,0,0,8,8,8,8,0,0,0,0,0,0,0,8
0,0,8,8,3,3,3,0,0,8,8,3,3,3,0,0,8,8,8,8,8,0,0,8,8,8,8,8,0,0,8,8,8,8,8,0,0,8,8,8,8,8,0,0,0,0,0,0,0,8
0,8,8,3,3,3,8,0,8,8,3,3,3,8,0,8,8,8,8,8,8,0,8,8,8,8,8,8,0,8,8,8,8,8,8,0,8,8,8,8,8,8,0,0,0,0,0,0,0,8
8,8,3,3,3,8,8,8,8,3,3,3,8,8,8,8,8,8,8,8,8,8,8,8,8,8,8,8,8,8,8,8,8,8,8,8,8,8,8,8,8,8,0,0,0,0,0,0,0,8
8,3,3,3,8,8,8,8,3,3,3,8,8,8,8,8,8,8,8,8,8,8,8,8,8,8,8,8,8,8,8,8,8,8,4,8,8,8,8,8,8,8,0,0,0,0,0,0,0,8
3,3,3,8,8,8,8,3,3,3,8,8,8,8,8,8,8,8,8,8,8,8,8,8,8,8,8,8,8,8,8,8,8,4,8,8,8,8,8,8,8,8,0,0,0,0,0,0,0,8
3,3,8,8,8,8,4,3,3,8,8,8,8,8,8,8,8,8,8,8,8,8,8,8,8,8,8,8,8,8,8,8,4,8,8,8,8,8,8,8,8,8,0,0,0,0,0,0,0,8
3,8,8,8,8,4,8,3,8,8,8,8,8,8,8,8,8,8,8,8,8,8,8,8,8,8,8,8,8,8,8,4,8,8,8,8,8,8,8,8,8,8,0,0,0,0,0,0,0,8
8,8,8,8,4,8,8,8,8,8,8,8,8,8,8,8,8,8,8,8,8,8,8,8,8,8,8,8,8,8,4,8,8,8,8,8,8,8,8,8,8,8,0,0,0,0,0,0,0,8
8,8,8,4,8,8,0,8,8,8,8,8,8,0,8,8,8,8,8,8,0,8,8,8,8,8,8,0,8,4,8,8,8,8,0,8,8,8,8,8,8,0,0,0,0,0,0,0,0,8
8,8,4,8,8,0,0,8,8,8,8,8,0,0,8,8,8,8,8,0,0,8,8,8,8,8,0,0,4,8,8,8,8,0,0,8,8,8,8,8,0,0,0,0,0,0,0,0,0,8
8,4,8,8,0,0,0,8,8,8,8,0,0,0,8,8,8,8,0,0,0,8,8,8,8,0,0,0,8,8,8,8,0,0,0,8,8,8,8,0,0,0,0,0,0,0,0,0,0,8
0,0,0,8,8,3,3,0,0,0,8,8,8,8,0,0,0,8,8,8,8,0,0,0,8,8,8,8,0,0,0,8,8,8,8,0,0,0,0,0,0,0,0,0,0,0,0,0,0,8
0,0,8,8,3,3,3,0,0,8,8,8,8,8,0,0,8,8,8,8,8,0,0,8,8,8,8,8,0,0,8,8,8,8,8,0,0,0,0,0,0,0,0,0,0,0,0,0,0,8
0,8,8,3,3,3,8,0,8,8,8,8,8,8,0,8,8,8,8,8,8,0,8,8,8,8,8,8,0,8,8,8,8,8,8,0,0,0,0,0,0,0,0,0,0,0,0,0,0,8
8,8,3,3,3,8,8,8,8,8,8,8,8,8,8,8,8,8,8,8,8,8,8,8,8,8,8,8,8,8,8,8,8,8,8,0,0,0,0,0,0,0,0,0,0,0,0,0,0,8
8,3,3,3,8,8,8,8,8,8,8,8,8,8,8,8,8,8,8,8,8,8,8,8,8,8,8,4,8,8,8,8,8,8,8,0,0,0,0,0,0,0,0,0,0,0,0,0,0,8
3,3,3,8,8,8,8,8,8,8,8,8,8,8,8,8,8,8,8,8,8,8,8,8,8,8,4,8,8,8,8,8,8,8,8,0,0,0,0,0,0,0,0,0,0,0,0,0,0,8
3,3,8,8,8,8,8,8,8,8,8,8,8,8,8,8,8,8,8,8,8,8,8,8,8,4,8,8,8,8,8,8,8,8,8,0,0,0,0,0,0,0,0,0,0,0,0,0,0,8
3,8,8,8,8,8,8,8,8,8,8,8,8,8,8,8,8,8,8,8,8,8,8,8,4,8,8,8,8,8,8,8,8,8,8,0,0,0,0,0,0,0,0,0,0,0,0,0,0,4
8,8,8,8,8,8,8,8,8,8,8,8,8,8,8,8,8,8,8,8,8,8,8,4,8,8,8,8,8,8,8,8,8,8,8,0,0,0,0,0,0,0,0,0,0,0,0,0,0,8
8,8,8,8,8,8,0,8,8,8,8,8,8,0,8,8,8,8,8,8,0,8,4,8,8,8,8,0,8,8,8,8,8,8,0,0,0,0,0,0,0,0,0,0,0,0,0,0,0,8
8,8,8,8,8,0,0,8,8,8,8,8,0,0,8,8,8,8,8,0,0,4,8,8,8,8,0,0,8,8,8,8,8,0,0,0,0,0,0,0,0,0,0,0,0,0,0,0,0,8
8,8,8,8,0,0,0,8,8,8,8,0,0,0,8,8,8,8,0,0,0,8,8,8,8,0,0,0,8,8,8,8,0,0,0,0,0,0,0,0,0,0,0,0,0,0,0,0,0,8
0,0,0,8,8,8,8,0,0,0,8,8,8,8,0,0,0,8,8,8,8,0,0,0,8,8,8,8,0,0,0,0,0,0,0,0,0,0,0,0,0,0,0,0,0,0,0,0,0,8
0,0,8,8,8,8,8,0,0,8,8,8,8,8,0,0,8,8,8,8,8,0,0,8,8,8,8,8,0,0,0,0,0,0,0,0,0,0,0,0,0,0,0,0,0,0,0,0,0,8
0,8,8,8,8,8,8,0,8,8,8,8,8,8,0,8,8,8,8,8,8,0,8,8,8,8,8,8,0,0,0,0,0,0,0,0,0,0,0,0,0,0,0,0,0,0,0,0,0,8
8,8,8,8,8,8,8,8,8,8,8,8,8,8,8,8,8,8,8,8,8,8,8,8,8,8,8,8,0,0,0,0,0,0,0,0,0,0,0,0,0,0,0,0,0,0,0,0,0,8
8,8,8,8,8,8,8,8,8,8,8,8,8,8,8,8,8,8,8,8,4,8,8,8,8,8,8,8,0,0,0,0,0,0,0,0,0,0,0,0,0,0,0,0,0,0,0,0,0,8
8,8,8,8,8,8,8,8,8,8,8,8,8,8,8,8,8,8,8,4,8,8,8,8,8,8,8,8,0,0,0,0,0,0,0,0,0,0,0,0,0,0,0,0,0,0,0,0,0,8
8,8,8,8,8,8,8,8,8,8,8,8,8,8,8,8,8,8,4,8,8,8,8,8,8,8,8,8,0,0,0,0,0,0,0,0,0,0,0,0,0,0,0,0,0,0,0,0,0,8
8,8,8,8,8,8,8,8,8,8,8,8,8,8,8,8,8,4,8,8,8,8,8,8,8,8,8,8,0,0,0,0,0,0,0,0,0,0,0,0,0,0,0,0,0,0,0,0,0,8
8,8,8,8,8,8,8,8,8,8,8,8,8,8,8,8,4,8,8,8,8,8,8,8,8,8,8,8,0,0,0,0,0,0,0,0,0,0,0,0,0,0,0,0,0,0,0,0,0,8
8,8,8,8,8,8,0,8,8,8,8,8,8,0,8,4,8,8,8,8,0,8,8,8,8,8,8,0,0,0,0,0,0,0,0,0,0,0,0,0,0,0,0,0,0,0,0,0,0,8
8,8,8,8,8,0,0,8,8,8,8,8,0,0,4,8,8,8,8,0,0,8,8,8,8,8,0,0,0,0,0,0,0,0,0,0,0,0,0,0,0,0,0,0,0,0,0,0,0,8
8,8,8,8,0,0,0,8,8,8,8,0,0,0,8,8,8,8,0,0,0,8,8,8,8,0,0,0,0,0,0,0,0,0,0,0,0,0,0,0,0,0,0,0,0,0,0,0,0,8
0,0,0,0,0,0,0,0,0,0,0,0,0,0,0,0,0,0,0,0,0,0,0,0,2,2,2,2,0,0,0,2,2,2,2,0,0,0,2,2,2,1,0,0,0,2,2,2,1,2
0,0,0,0,0,0,0,0,0,0,0,0,0,0,0,0,0,0,0,0,0,0,0,2,2,2,2,2,0,0,2,2,2,2,2,0,0,2,2,2,1,1,0,0,2,2,2,1,1,2
0,0,0,0,0,0,0,0,0,0,0,0,0,0,0,0,0,0,0,0,0,0,2,2,2,2,2,2,0,2,2,2,2,2,2,0,2,2,2,1,1,1,0,2,2,2,1,1,1,2
0,0,0,0,0,0,0,0,0,0,0,0,0,0,0,0,0,0,0,0,0,2,2,2,2,2,2,2,2,2,2,2,2,2,2,2,2,2,1,1,1,2,2,2,2,1,1,1,2,2
0,0,0,0,0,0,0,0,0,0,0,0,0,0,0,0,0,0,0,0,0,2,2,2,2,2,2,2,2,2,2,2,2,2,2,2,2,1,1,1,2,2,2,2,1,1,1,2,2,2
0,0,0,0,0,0,0,0,0,0,0,0,0,0,0,0,0,0,0,0,0,2,2,2,2,2,2,2,2,2,2,2,2,2,2,2,1,1,1,2,2,2,2,1,1,1,2,2,2,2
0,0,0,0,0,0,0,0,0,0,0,0,0,0,0,0,0,0,0,0,0,2,2,2,2,2,2,2,2,2,2,2,2,2,2,1,1,1,2,2,2,2,1,1,1,2,2,2,2,2
0,0,0,0,0,0,0,0,0,0,0,0,0,0,0,0,0,0,0,0,0,2,2,2,2,2,2,2,2,2,2,2,2,2,2,1,1,2,2,2,2,2,1,1,2,2,2,2,2,2
0,0,0,0,0,0,0,0,0,0,0,0,0,0,0,0,0,0,0,0,0,2,2,2,2,2,2,2,2,2,2,2,2,2,2,1,2,2,2,2,2,2,1,2,2,2,2,2,2,2
0,0,0,0,0,0,0,0,0,0,0,0,0,0,0,0,0,0,0,0,0,2,2,2,2,2,2,0,2,2,2,2,2,2,0,2,2,2,2,2,2,0,2,2,2,2,2,2,0,2
0,0,0,0,0,0,0,0,0,0,0,0,0,0,0,0,0,0,0,0,0,2,2,2,2,2,0,0,2,2,2,2,2,0,0,2,2,2,2,2,0,0,2,2,2,2,2,0,0,2
0,0,0,0,0,0,0,0,0,0,0,0,0,0,0,0,0,0,0,0,0,2,2,2,2,0,0,0,2,2,2,2,0,0,0,2,2,2,2,0,0,0,2,2,2,2,0,0,0,2
0,0,0,0,0,0,0,0,0,0,0,0,0,0,0,0,0,2,2,2,2,0,0,0,2,2,2,2,0,0,0,2,2,2,1,0,0,0,2,2,2,1,0,0,0,2,2,2,1,2
0,0,0,0,0,0,0,0,0,0,0,0,0,0,0,0,2,2,2,2,2,0,0,2,2,2,2,2,0,0,2,2,2,1,1,0,0,2,2,2,1,1,0,0,2,2,2,1,1,2
0,0,0,0,0,0,0,0,0,0,0,0,0,0,0,2,2,2,2,2,2,0,2,2,2,2,2,2,0,2,2,2,1,1,1,0,2,2,2,1,1,1,0,2,2,2,1,1,1,2
0,0,0,0,0,0,0,0,0,0,0,0,0,0,2,2,2,2,2,2,2,2,2,2,2,2,2,2,2,2,2,1,1,1,2,2,2,2,1,1,1,2,2,2,2,1,1,1,2,2
0,0,0,0,0,0,0,0,0,0,0,0,0,0,2,2,2,2,2,2,2,2,2,2,2,2,2,2,2,2,1,1,1,2,2,2,2,1,1,1,2,2,2,2,1,1,1,2,2,2
0,0,0,0,0,0,0,0,0,0,0,0,0,0,2,2,2,2,2,2,2,2,2,2,2,2,2,2,2,1,1,1,2,2,2,2,1,1,1,2,2,2,2,1,1,1,2,2,2,2
0,0,0,0,0,0,0,0,0,0,0,0,0,0,2,2,2,2,2,2,2,2,2,2,2,2,2,2,1,1,1,2,2,2,2,1,1,1,2,2,2,2,1,1,1,2,2,2,2,2
0,0,0,0,0,0,0,0,0,0,0,0,0,0,2,2,2,2,2,2,2,2,2,2,2,2,2,2,1,1,2,2,2,2,2,1,1,2,2,2,2,2,1,1,2,2,2,2,2,2
0,0,0,0,0,0,0,0,0,0,0,0,0,0,2,2,2,2,2,2,2,2,2,2,2,2,2,2,1,2,2,2,2,2,2,1,2,2,2,2,2,2,1,2,2,2,2,2,2,2
0,0,0,0,0,0,0,0,0,0,0,0,0,0,2,2,2,2,2,2,0,2,2,2,2,2,2,0,2,2,2,2,2,2,0,2,2,2,2,2,2,0,2,2,2,2,2,2,0,2
0,0,0,0,0,0,0,0,0,0,0,0,0,0,2,2,2,2,2,0,0,2,2,2,2,2,0,0,2,2,2,2,2,0,0,2,2,2,2,2,0,0,2,2,2,2,2,0,0,2
0,0,0,0,0,0,0,0,0,0,0,0,0,0,2,2,2,2,0,0,0,2,2,2,2,0,0,0,2,2,2,2,0,0,0,2,2,2,2,0,0,0,2,2,2,2,0,0,0,2
0,0,0,0,0,0,0,0,0,0,2,2,2,2,0,0,0,2,2,2,2,0,0,0,2,2,2,1,0,0,0,2,2,2,1,0,0,0,2,2,2,1,0,0,0,2,2,2,2,2
0,0,0,0,0,0,0,0,0,2,2,2,2,2,0,0,2,2,2,2,2,0,0,2,2,2,1,1,0,0,2,2,2,1,1,0,0,2,2,2,1,1,0,0,2,2,2,2,2,2
0,0,0,0,0,0,0,0,2,2,2,2,2,2,0,2,2,2,2,2,2,0,2,2,2,1,1,1,0,2,2,2,1,1,1,0,2,2,2,1,1,1,0,2,2,2,2,2,2,2
0,0,0,0,0,0,0,2,2,2,2,2,2,2,2,2,2,2,2,2,2,2,2,2,1,1,1,2,2,2,2,1,1,1,2,2,2,2,1,1,1,2,2,2,2,2,2,2,2,1
0,0,0,0,0,0,0,2,2,2,2,2,2,2,2,2,2,2,2,2,2,2,2,1,1,1,2,2,2,2,1,1,1,2,2,2,2,1,1,1,2,2,2,2,2,2,2,2,2,1
0,0,0,0,0,0,0,2,2,2,2,2,2,2,2,2,2,2,2,2,2,2,1,1,1,2,2,2,2,1,1,1,2,2,2,2,1,1,1,2,2,2,2,2,2,2,2,2,2,1
0,0,0,0,0,0,0,2,2,2,2,2,2,2,2,2,2,2,2,2,2,1,1,1,2,2,2,2,1,1,1,2,2,2,2,1,1,1,2,2,2,2,2,2,2,2,2,2,2,2
0,0,0,0,0,0,0,2,2,2,2,2,2,2,2,2,2,2,2,2,2,1,1,2,2,2,2,2,1,1,2,2,2,2,2,1,1,2,2,2,2,2,2,2,2,2,2,2,2,2
0,0,0,0,0,0,0,2,2,2,2,2,2,2,2,2,2,2,2,2,2,1,2,2,2,2,2,2,1,2,2,2,2,2,2,1,2,2,2,2,2,2,2,2,2,2,2,2,2,2
0,0,0,0,0,0,0,2,2,2,2,2,2,0,2,2,2,2,2,2,0,2,2,2,2,2,2,0,2,2,2,2,2,2,0,2,2,2,2,2,2,0,2,2,2,2,2,2,0,2
0,0,0,0,0,0,0,2,2,2,2,2,0,0,2,2,2,2,2,0,0,2,2,2,2,2,0,0,2,2,2,2,2,0,0,2,2,2,2,2,0,0,2,2,2,2,2,0,0,2
0,0,0,0,0,0,0,2,2,2,2,0,0,0,2,2,2,2,0,0,0,2,2,2,2,0,0,0,2,2,2,2,0,0,0,2,2,2,2,0,0,0,2,2,2,2,0,0,0,2
0,0,0,2,2,2,2,0,0,0,2,2,2,2,0,0,0,2,2,2,1,0,0,0,2,2,2,1,0,0,0,2,2,2,1,0,0,0,2,2,2,2,0,0,0,2,2,2,2,2
0,0,2,2,2,2,2,0,0,2,2,2,2,2,0,0,2,2,2,1,1,0,0,2,2,2,1,1,0,0,2,2,2,1,1,0,0,2,2,2,2,2,0,0,2,2,2,2,2,2
0,2,2,2,2,2,2,0,2,2,2,2,2,2,0,2,2,2,1,1,1,0,2,2,2,1,1,1,0,2,2,2,1,1,1,0,2,2,2,2,2,2,0,2,2,2,2,2,2,2
2,2,2,2,2,2,2,2,2,2,2,2,2,2,2,2,2,1,1,1,2,2,2,2,1,1,1,2,2,2,2,1,1,1,2,2,2,2,2,2,2,2,2,2,2,2,2,2,2,1
2,2,2,2,2,2,2,2,2,2,2,2,2,2,2,2,1,1,1,2,2,2,2,1,1,1,2,2,2,2,1,1,1,2,2,2,2,2,2,2,2,2,2,2,2,2,2,2,2,1
2,2,2,2,2,2,2,2,2,2,2,2,2,2,2,1,1,1,2,2,2,2,1,1,1,2,2,2,2,1,1,1,2,2,2,2,2,2,2,2,2,2,2,2,2,2,2,2,2,1
2,2,2,2,2,2,2,2,2,2,2,2,2,2,1,1,1,2,2,2,2,1,1,1,2,2,2,2,1,1,1,2,2,2,2,2,2,2,2,2,2,2,2,2,2,2,2,2,2,2
2,2,2,2,2,2,2,2,2,2,2,2,2,2,1,1,2,2,2,2,2,1,1,2,2,2,2,2,1,1,2,2,2,2,2,2,2,2,2,2,2,2,2,2,2,2,2,2,2,2
2,2,2,2,2,2,2,2,2,2,2,2,2,2,1,2,2,2,2,2,2,1,2,2,2,2,2,2,1,2,2,2,2,2,2,2,2,2,2,2,2,2,2,2,2,2,2,2,2,2
2,2,2,2,2,2,0,2,2,2,2,2,2,0,2,2,2,2,2,2,0,2,2,2,2,2,2,0,2,2,2,2,2,2,0,2,2,2,2,2,2,0,2,2,2,2,2,2,0,2
2,2,2,2,2,0,0,2,2,2,2,2,0,0,2,2,2,2,2,0,0,2,2,2,2,2,0,0,2,2,2,2,2,0,0,2,2,2,2,2,0,0,2,2,2,2,2,0,0,2
2,2,2,2,0,0,0,2,2,2,2,0,0,0,2,2,2,2,0,0,0,2,2,2,2,0,0,0,2,2,2,2,0,0,0,2,2,2,2,0,0,0,2,2,2,2,0,0,0,2
0,0,0,2,2,2,2,0,0,0,2,2,2,1,0,0,0,2,2,2,1,0,0,0,2,2,2,1,0,0,0,2,2,2,2,0,0,0,2,2,2,2,0,0,0,2,2,2,2,2
0,0,2,2,2,2,2,0,0,2,2,2,1,1,0,0,2,2,2,1,1,0,0,2,2,2,1,1,0,0,2,2,2,2,2,0,0,2,2,2,2,2,0,0,2,2,2,2,2,2
0,2,2,2,2,2,2,0,2,2,2,1,1,1,0,2,2,2,1,1,1,0,2,2,2,1,1,1,0,2,2,2,2,2,2,0,2,2,2,2,2,2,0,2,2,2,2,2,2,2
2,2,2,2,2,2,2,2,2,2,1,1,1,2,2,2,2,1,1,1,2,2,2,2,1,1,1,2,2,2,2,2,2,2,2,2,2,2,2,2,2,2,2,2,2,2,2,2,2,1
2,2,2,2,2,2,2,2,2,1,1,1,2,2,2,2,1,1,1,2,2,2,2,1,1,1,2,2,2,2,2,2,2,2,2,2,2,2,2,2,2,2,2,2,2,2,2,2,2,1
2,2,2,2,2,2,2,2,1,1,1,2,2,2,2,1,1,1,2,2,2,2,1,1,1,2,2,2,2,2,2,2,2,2,2,2,2,2,2,2,2,2,2,2,2,2,2,2,2,1
2,2,2,2,2,2,2,1,1,1,2,2,2,2,1,1,1,2,2,2,2,1,1,1,2,2,2,2,2,2,2,2,2,2,2,2,2,2,2,2,2,2,2,2,2,2,2,2,2,2
2,2,2,2,2,2,2,1,1,2,2,2,2,2,1,1,2,2,2,2,2,1,1,2,2,2,2,2,2,2,2,2,2,2,2,2,2,2,2,2,2,2,2,2,2,2,2,2,2,2
2,2,2,2,2,2,2,1,2,2,2,2,2,2,1,2,2,2,2,2,2,1,2,2,2,2,2,2,2,2,2,2,2,2,2,2,2,2,2,2,2,2,2,2,2,2,2,2,2,2
0,0,0,2,2,2,1,0,0,0,2,2,2,1,0,0,0,2,2,2,1,0,0,0,2,2,2,2,0,0,0,2,2,2,2,0,0,0,2,2,2,2,0,0,0,2,2,2,8,2
0,0,2,2,2,1,1,0,0,2,2,2,1,1,0,0,2,2,2,1,1,0,0,2,2,2,2,2,0,0,2,2,2,2,2,0,0,2,2,2,2,2,0,0,2,2,2,8,2,2
0,2,2,2,1,1,1,0,2,2,2,1,1,1,0,2,2,2,1,1,1,0,2,2,2,2,2,2,0,2,2,2,2,2,2,0,2,2,2,2,2,2,0,2,2,2,8,2,2,2
2,2,2,1,1,1,2,2,2,2,1,1,1,2,2,2,2,1,1,1,2,2,2,2,2,2,2,2,2,2,2,2,2,2,2,2,2,2,2,2,2,2,2,2,2,8,2,2,2,8
2,2,1,1,1,2,2,2,2,1,1,1,2,2,2,2,1,1,1,2,2,2,2,2,2,2,2,2,2,2,2,2,2,2,2,2,2,2,2,2,2,2,2,2,8,2,2,2,2,2
2,1,1,1,2,2,2,2,1,1,1,2,2,2,2,1,1,1,2,2,2,2,2,2,2,2,2,2,2,2,2,2,2,2,2,2,2,2,2,2,2,2,2,8,2,2,2,2,2,2
1,1,1,2,2,2,2,1,1,1,2,2,2,2,1,1,1,2,2,2,2,2,2,2,2,2,2,2,2,2,2,2,2,2,2,2,2,2,2,2,2,2,8,2,2,2,2,2,2,2
1,1,2,2,2,2,2,1,1,2,2,2,2,2,1,1,2,2,2,2,2,2,2,2,2,2,2,2,2,2,2,2,2,2,2,2,2,2,2,2,2,2,2,2,2,2,2,2,2,2
1,2,2,2,2,2,2,1,2,2,2,2,2,2,1,2,2,2,2,2,2,2,2,2,2,2,2,2,2,2,2,2,2,2,2,2,2,2,2,2,2,2,2,2,2,2,2,2,2,2
0,0,0,2,2,2,1,0,0,0,2,2,2,1,0,0,0,2,2,2,2,0,0,0,2,2,2,2,0,0,0,2,2,2,2,0,0,0,2,2,2,8,0,0,0,2,2,2,2,2
0,0,2,2,2,1,1,0,0,2,2,2,1,1,0,0,2,2,2,2,2,0,0,2,2,2,2,2,0,0,2,2,2,2,2,0,0,2,2,2,8,2,0,0,2,2,2,2,2,2
0,2,2,2,1,1,1,0,2,2,2,1,1,1,0,2,2,2,2,2,2,0,2,2,2,2,2,2,0,2,2,2,2,2,2,0,2,2,2,8,2,2,0,2,2,2,2,2,2,2
2,2,2,1,1,1,2,2,2,2,1,1,1,2,2,2,2,2,2,2,2,2,2,2,2,2,2,2,2,2,2,2,2,2,2,2,2,2,8,2,2,2,2,2,2,2,2,2,2,8
2,2,1,1,1,2,2,2,2,1,1,1,2,2,2,2,2,2,2,2,2,2,2,2,2,2,2,2,2,2,2,2,2,2,2,2,2,8,2,2,2,2,2,2,2,2,2,2,2,2
2,1,1,1,2,2,2,2,1,1,1,2,2,2,2,2,2,2,2,2,2,2,2,2,2,2,2,2,2,2,2,2,2,2,2,2,8,2,2,2,2,2,2,2,2,2,2,2,2,2
1,1,1,2,2,2,2,1,1,1,2,2,2,2,2,2,2,2,2,2,2,2,2,2,2,2,2,2,2,2,2,2,2,2,2,8,2,2,2,2,2,2,2,2,2,2,2,2,2,2
1,1,2,2,2,2,2,1,1,2,2,2,2,2,2,2,2,2,2,2,2,2,2,2,2,2,2,2,2,2,2,2,2,2,2,2,2,2,2,2,2,2,2,2,2,2,2,2,2,2
1,2,2,2,2,2,2,1,2,2,2,2,2,2,2,2,2,2,2,2,2,2,2,2,2,2,2,2,2,2,2,2,2,2,2,2,2,2,2,2,2,2,2,2,2,2,2,2,2,2
0,0,0,2,2,2,1,0,0,0,2,2,2,2,0,0,0,2,2,2,2,0,0,0,2,2,2,2,0,0,0,2,2,2,8,0,0,0,2,2,2,2,0,0,0,0,0,0,0,2
0,0,2,2,2,1,1,0,0,2,2,2,2,2,0,0,2,2,2,2,2,0,0,2,2,2,2,2,0,0,2,2,2,8,2,0,0,2,2,2,2,2,0,0,0,0,0,0,0,2
0,2,2,2,1,1,1,0,2,2,2,2,2,2,0,2,2,2,2,2,2,0,2,2,2,2,2,2,0,2,2,2,8,2,2,0,2,2,2,2,2,2,0,0,0,0,0,0,0,2
2,2,2,1,1,1,2,2,2,2,2,2,2,2,2,2,2,2,2,2,2,2,2,2,2,2,2,2,2,2,2,8,2,2,2,2,2,2,2,2,2,2,0,0,0,0,0,0,0,8
2,2,1,1,1,2,2,2,2,2,2,2,2,2,2,2,2,2,2,2,2,2,2,2,2,2,2,2,2,2,8,2,2,2,2,2,2,2,2,2,2,2,0,0,0,0,0,0,0,2
2,1,1,1,2,2,2,2,2,2,2,2,2,2,2,2,2,2,2,2,2,2,2,2,2,2,2,2,2,8,2,2,2,2,2,2,2,2,2,2,2,2,0,0,0,0,0,0,0,2
1,1,1,2,2,2,2,2,2,2,2,2,2,2,2,2,2,2,2,2,2,2,2,2,2,2,2,2,8,2,2,2,2,2,2,2,2,2,2,2,2,2,0,0,0,0,0,0,0,2
1,1,2,2,2,2,2,2,2,2,2,2,2,2,2,2,2,2,2,2,2,2,2,2,2,2,2,2,2,2,2,2,2,2,2,2,2,2,2,2,2,2,0,0,0,0,0,0,0,2
1,2,2,2,2,2,2,2,2,2,2,2,2,2,2,2,2,2,2,2,2,2,2,2,2,2,2,2,2,2,2,2,2,2,2,2,2,2,2,2,2,2,0,0,0,0,0,0,0,2
2,2,2,2,2,2,0,2,2,2,2,2,2,0,2,2,2,2,2,2,0,2,2,2,2,2,2,0,2,2,2,2,2,2,0,2,2,2,2,2,2,0,0,0,0,0,0,0,0,2
2,2,2,2,2,0,0,2,2,2,2,2,0,0,2,2,2,2,2,0,0,2,2,2,2,2,0,0,2,2,2,2,2,0,0,2,2,2,2,2,0,0,0,0,0,0,0,0,0,2
2,2,2,2,0,0,0,2,2,2,2,0,0,0,2,2,2,2,0,0,0,2,2,2,2,0,0,0,2,2,2,2,0,0,0,2,2,2,2,0,0,0,0,0,0,0,0,0,0,2
0,0,0,2,2,2,2,0,0,0,2,2,2,2,0,0,0,2,2,2,2,0,0,0,2,2,2,8,0,0,0,2,2,2,2,0,0,0,0,0,0,0,0,0,0,0,0,0,0,2
0,0,2,2,2,2,2,0,0,2,2,2,2,2,0,0,2,2,2,2,2,0,0,2,2,2,8,2,0,0,2,2,2,2,2,0,0,0,0,0,0,0,0,0,0,0,0,0,0,2
0,2,2,2,2,2,2,0,2,2,2,2,2,2,0,2,2,2,2,2,2,0,2,2,2,8,2,2,0,2,2,2,2,2,2,0,0,0,0,0,0,0,0,0,0,0,0,0,0,2
2,2,2,2,2,2,2,2,2,2,2,2,2,2,2,2,2,2,2,2,2,2,2,2,8,2,2,2,2,2,2,2,2,2,2,0,0,0,0,0,0,0,0,0,0,0,0,0,0,8
2,2,2,2,2,2,2,2,2,2,2,2,2,2,2,2,2,2,2,2,2,2,2,8,2,2,2,2,2,2,2,2,2,2,2,0,0,0,0,0,0,0,0,0,0,0,0,0,0,2
2,2,2,2,2,2,2,2,2,2,2,2,2,2,2,2,2,2,2,2,2,2,8,2,2,2,2,2,2,2,2,2,2,2,2,0,0,0,0,0,0,0,0,0,0,0,0,0,0,2
2,2,2,2,2,2,2,2,2,2,2,2,2,2,2,2,2,2,2,2,2,8,2,2,2,2,2,2,2,2,2,2,2,2,2,0,0,0,0,0,0,0,0,0,0,0,0,0,0,2
2,2,2,2,2,2,2,2,2,2,2,2,2,2,2,2,2,2,2,2,2,2,2,2,2,2,2,2,2,2,2,2,2,2,2,0,0,0,0,0,0,0,0,0,0,0,0,0,0,2
2,2,2,2,2,2,0,2,2,2,2,2,2,0,2,2,2,2,2,2,0,2,2,2,2,2,2,0,2,2,2,2,2,2,0,0,0,0,0,0,0,0,0,0,0,0,0,0,0,2
2,2,2,2,2,0,0,2,2,2,2,2,0,0,2,2,2,2,2,0,0,2,2,2,2,2,0,0,2,2,2,2,2,0,0,0,0,0,0,0,0,0,0,0,0,0,0,0,0,2
2,2,2,2,0,0,0,2,2,2,2,0,0,0,2,2,2,2,0,0,0,2,2,2,2,0,0,0,2,2,2,2,0,0,0,0,0,0,0,0,0,0,0,0,0,0,0,0,0,2
0,0,0,2,2,2,2,0,0,0,2,2,2,2,0,0,0,2,2,2,8,0,0,0,2,2,2,2,0,0,0,0,0,0,0,0,0,0,0,0,0,0,0,0,0,0,0,0,0,2
0,0,2,2,2,2,2,0,0,2,2,2,2,2,0,0,2,2,2,8,2,0,0,2,2,2,2,2,0,0,0,0,0,0,0,0,0,0,0,0,0,0,0,0,0,0,0,0,0,2
0,2,2,2,2,2,2,0,2,2,2,2,2,2,0,2,2,2,8,2,2,0,2,2,2,2,2,2,0,0,0,0,0,0,0,0,0,0,0,0,0,0,0,0,0,0,0,0,0,2
2,2,2,2,2,2,2,2,2,2,2,2,2,2,2,2,2,8,2,2,2,2,2,2,2,2,2,2,0,0,0,0,0,0,0,0,0,0,0,0,0,0,0,0,0,0,0,0,0,2
2,2,2,2,2,2,2,2,2,2,2,2,2,2,2,2,8,2,2,2,2,2,2,2,2,2,2,2,0,0,0,0,0,0,0,0,0,0,0,0,0,0,0,0,0,0,0,0,0,2
2,2,2,2,2,2,2,2,2,2,2,2,2,2,2,8,2,2,2,2,2,2,2,2,2,2,2,2,0,0,0,0,0,0,0,0,0,0,0,0,0,0,0,0,0,0,0,0,0,2
2,2,2,2,2,2,2,2,2,2,2,2,2,2,8,2,2,2,2,2,2,2,2,2,2,2,2,2,0,0,0,0,0,0,0,0,0,0,0,0,0,0,0,0,0,0,0,0,0,2
2,2,2,2,2,2,2,2,2,2,2,2,2,2,2,2,2,2,2,2,2,2,2,2,2,2,2,2,0,0,0,0,0,0,0,0,0,0,0,0,0,0,0,0,0,0,0,0,0,2
2,2,2,2,2,2,0,2,2,2,2,2,2,0,2,2,2,2,2,2,0,2,2,2,2,2,2,0,0,0,0,0,0,0,0,0,0,0,0,0,0,0,0,0,0,0,0,0,0,2
2,2,2,2,2,0,0,2,2,2,2,2,0,0,2,2,2,2,2,0,0,2,2,2,2,2,0,0,0,0,0,0,0,0,0,0,0,0,0,0,0,0,0,0,0,0,0,0,0,2
2,2,2,2,0,0,0,2,2,2,2,0,0,0,2,2,2,2,0,0,0,2,2,2,2,0,0,0,0,0,0,0,0,0,0,0,0,0,0,0,0,0,0,0,0,0,0,0,0,2
0,0,0,0,0,0,0,0,0,0,0,0,0,0,0,0,0,0,0,0,0,0,0,0,1,1,1,1,0,0,0,1,1,1,1,0,0,0,1,1,1,1,0,0,0,1,1,1,1,1
0,0,0,0,0,0,0,0,0,0,0,0,0,0,0,0,0,0,0,0,0,0,0,1,1,1,1,2,0,0,1,1,1,1,1,0,0,1,1,1,1,1,0,0,1,1,1,1,1,1
0,0,0,0,0,0,0,0,0,0,0,0,0,0,0,0,0,0,0,0,0,0,1,1,1,1,2,1,0,1,1,1,1,1,1,0,1,1,1,1,1,1,0,1,1,1,1,1,1,1
0,0,0,0,0,0,0,0,0,0,0,0,0,0,0,0,0,0,0,0,0,1,1,1,1,2,1,1,1,1,1,1,1,1,1,1,1,1,1,1,1,1,1,1,1,1,1,1,1,1
0,0,0,0,0,0,0,0,0,0,0,0,0,0,0,0,0,0,0,0,0,1,1,1,2,1,1,1,1,1,1,1,1,1,1,1,1,1,1,1,1,1,1,1,1,1,1,1,1,2
0,0,0,0,0,0,0,0,0,0,0,0,0,0,0,0,0,0,0,0,0,1,1,2,1,1,1,1,1,1,1,1,1,1,1,1,1,1,1,1,1,1,1,1,1,1,1,1,1,1
0,0,0,0,0,0,0,0,0,0,0,0,0,0,0,0,0,0,0,0,0,1,2,1,1,1,1,1,1,1,1,1,1,1,1,1,1,1,1,1,1,1,1,1,1,1,1,1,1,1
0,0,0,0,0,0,0,0,0,0,0,0,0,0,0,0,0,0,0,0,0,2,1,1,1,1,1,1,1,1,1,1,1,1,1,1,1,1,1,1,1,1,1,1,1,1,1,1,1,1
0,0,0,0,0,0,0,0,0,0,0,0,0,0,0,0,0,0,0,0,0,1,1,1,1,1,1,1,1,1,1,1,1,1,1,1,1,1,1,1,1,1,1,1,1,1,1,1,1,1
0,0,0,0,0,0,0,0,0,0,0,0,0,0,0,0,0,0,0,0,0,1,1,1,1,1,1,0,1,1,1,1,1,1,0,1,1,1,1,1,1,0,1,1,1,1,1,1,0,1
0,0,0,0,0,0,0,0,0,0,0,0,0,0,0,0,0,0,0,0,0,1,1,1,1,1,0,0,1,1,1,1,1,0,0,1,1,1,1,1,0,0,1,1,1,1,1,0,0,1
0,0,0,0,0,0,0,0,0,0,0,0,0,0,0,0,0,0,0,0,0,1,1,1,1,0,0,0,1,1,1,1,0,0,0,1,1,1,1,0,0,0,1,1,1,1,0,0,0,1
0,0,0,0,0,0,0,0,0,0,0,0,0,0,0,0,0,1,1,1,1,0,0,0,1,1,1,1,0,0,0,1,1,1,1,0,0,0,1,1,1,1,0,0,0,1,1,1,4,1
0,0,0,0,0,0,0,0,0,0,0,0,0,0,0,0,1,1,1,1,2,0,0,1,1,1,1,1,0,0,1,1,1,1,1,0,0,1,1,1,1,1,0,0,1,1,1,4,4,1
0,0,0,0,0,0,0,0,0,0,0,0,0,0,0,1,1,1,1,2,1,0,1,1,1,1,1,1,0,1,1,1,1,1,1,0,1,1,1,1,1,1,0,1,1,1,4,4,4,1
0,0,0,0,0,0,0,0,0,0,0,0,0,0,1,1,1,1,2,1,1,1,1,1,1,1,1,1,1,1,1,1,1,1,1,1,1,1,1,1,1,1,1,1,1,4,4,4,4,1
0,0,0,0,0,0,0,0,0,0,0,0,0,0,1,1,1,2,1,1,1,1,1,1,1,1,1,1,1,1,1,1,1,1,1,1,1,1,1,1,1,1,1,1,4,4,4,4,1,2
0,0,0,0,0,0,0,0,0,0,0,0,0,0,1,1,2,1,1,1,1,1,1,1,1,1,1,1,1,1,1,1,1,1,1,1,1,1,1,1,1,1,1,4,4,4,4,1,1,1
0,0,0,0,0,0,0,0,0,0,0,0,0,0,1,2,1,1,1,1,1,1,1,1,1,1,1,1,1,1,1,1,1,1,1,1,1,1,1,1,1,1,4,4,4,4,1,1,1,1
0,0,0,0,0,0,0,0,0,0,0,0,0,0,2,1,1,1,1,1,1,1,1,1,1,1,1,1,1,1,1,1,1,1,1,1,1,1,1,1,1,1,4,4,4,1,1,1,1,1
0,0,0,0,0,0,0,0,0,0,0,0,0,0,1,1,1,1,1,1,1,1,1,1,1,1,1,1,1,1,1,1,1,1,1,1,1,1,1,1,1,1,4,4,1,1,1,1,1,1
0,0,0,0,0,0,0,0,0,0,0,0,0,0,1,1,1,1,1,1,0,1,1,1,1,1,1,0,1,1,1,1,1,1,0,1,1,1,1,1,1,0,4,1,1,1,1,1,0,1
0,0,0,0,0,0,0,0,0,0,0,0,0,0,1,1,1,1,1,0,0,1,1,1,1,1,0,0,1,1,1,1,1,0,0,1,1,1,1,1,0,0,1,1,1,1,1,0,0,1
0,0,0,0,0,0,0,0,0,0,0,0,0,0,1,1,1,1,0,0,0,1,1,1,1,0,0,0,1,1,1,1,0,0,0,1,1,1,1,0,0,0,1,1,1,1,0,0,0,1
0,0,0,0,0,0,0,0,0,0,1,1,1,1,0,0,0,1,1,1,1,0,0,0,1,1,1,1,0,0,0,1,1,1,1,0,0,0,1,1,1,4,0,0,0,1,1,1,4,1
0,0,0,0,0,0,0,0,0,1,1,1,1,2,0,0,1,1,1,1,1,0,0,1,1,1,1,1,0,0,1,1,1,1,1,0,0,1,1,1,4,4,0,0,1,1,1,4,4,1
0,0,0,0,0,0,0,0,1,1,1,1,2,1,0,1,1,1,1,1,1,0,1,1,1,1,1,1,0,1,1,1,1,1,1,0,1,1,1,4,4,4,0,1,1,1,4,4,4,1
0,0,0,0,0,0,0,1,1,1,1,2,1,1,1,1,1,1,1,1,1,1,1,1,1,1,1,1,1,1,1,1,1,1,1,1,1,1,4,4,4,4,1,1,1,4,4,4,4,1
0,0,0,0,0,0,0,1,1,1,2,1,1,1,1,1,1,1,1,1,1,1,1,1,1,1,1,1,1,1,1,1,1,1,1,1,1,4,4,4,4,1,1,1,4,4,4,4,1,2
0,0,0,0,0,0,0,1,1,2,1,1,1,1,1,1,1,1,1,1,1,1,1,1,1,1,1,1,1,1,1,1,1,1,1,1,4,4,4,4,1,1,1,4,4,4,4,1,1,1
0,0,0,0,0,0,0,1,2,1,1,1,1,1,1,1,1,1,1,1,1,1,1,1,1,1,1,1,1,1,1,1,1,1,1,4,4,4,4,1,1,1,4,4,4,4,1,1,1,1
0,0,0,0,0,0,0,2,1,1,1,1,1,1,1,1,1,1,1,1,1,1,1,1,1,1,1,1,1,1,1,1,1,1,1,4,4,4,1,1,1,1,4,4,4,1,1,1,1,1
0,0,0,0,0,0,0,1,1,1,1,1,1,1,1,1,1,1,1,1,1,1,1,1,1,1,1,1,1,1,1,1,1,1,1,4,4,1,1,1,1,1,4,4,1,1,1,1,1,1
0,0,0,0,0,0,0,1,1,1,1,1,1,0,1,1,1,1,1,1,0,1,1,1,1,1,1,0,1,1,1,1,1,1,0,4,1,1,1,1,1,0,4,1,1,1,1,1,0,1
0,0,0,0,0,0,0,1,1,1,1,1,0,0,1,1,1,1,1,0,0,1,1,1,1,1,0,0,1,1,1,1,1,0,0,1,1,1,1,1,0,0,1,1,1,1,1,0,0,1
0,0,0,0,0,0,0,1,1,1,1,0,0,0,1,1,1,1,0,0,0,1,1,1,1,0,0,0,1,1,1,1,0,0,0,1,1,1,1,0,0,0,1,1,1,1,0,0,0,1
0,0,0,1,1,1,1,0,0,0,1,1,1,1,0,0,0,1,1,1,1,0,0,0,1,1,1,1,0,0,0,1,1,1,4,0,0,0,1,1,1,4,0,0,0,1,1,1,4,1
0,0,1,1,1,1,2,0,0,1,1,1,1,1,0,0,1,1,1,1,1,0,0,1,1,1,1,1,0,0,1,1,1,4,4,0,0,1,1,1,4,4,0,0,1,1,1,4,4,1
0,1,1,1,1,2,1,0,1,1,1,1,1,1,0,1,1,1,1,1,1,0,1,1,1,1,1,1,0,1,1,1,4,4,4,0,1,1,1,4,4,4,0,1,1,1,4,4,4,1
1,1,1,1,2,1,1,1,1,1,1,1,1,1,1,1,1,1,1,1,1,1,1,1,1,1,1,1,1,1,1,4,4,4,4,1,1,1,4,4,4,4,1,1,1,4,4,4,4,1
1,1,1,2,1,1,1,1,1,1,1,1,1,1,1,1,1,1,1,1,1,1,1,1,1,1,1,1,1,1,4,4,4,4,1,1,1,4,4,4,4,1,1,1,4,4,4,4,1,2
1,1,2,1,1,1,1,1,1,1,1,1,1,1,1,1,1,1,1,1,1,1,1,1,1,1,1,1,1,4,4,4,4,1,1,1,4,4,4,4,1,1,1,4,4,4,4,1,1,1
1,2,1,1,1,1,1,1,1,1,1,1,1,1,1,1,1,1,1,1,1,1,1,1,1,1,1,1,4,4,4,4,1,1,1,4,4,4,4,1,1,1,4,4,4,4,1,1,1,1
2,1,1,1,1,1,1,1,1,1,1,1,1,1,1,1,1,1,1,1,1,1,1,1,1,1,1,1,4,4,4,1,1,1,1,4,4,4,1,1,1,1,4,4,4,1,1,1,2,1
1,1,1,1,1,1,1,1,1,1,1,1,1,1,1,1,1,1,1,1,1,1,1,1,1,1,1,1,4,4,1,1,1,1,1,4,4,1,1,1,1,1,4,4,1,1,1,2,1,1
1,1,1,1,1,1,0,1,1,1,1,1,1,0,1,1,1,1,1,1,0,1,1,1,1,1,1,0,4,1,1,1,1,1,0,4,1,1,1,1,1,0,4,1,1,1,2,1,0,1
1,1,1,1,1,0,0,1,1,1,1,1,0,0,1,1,1,1,1,0,0,1,1,1,1,1,0,0,1,1,1,1,1,0,0,1,1,1,1,1,0,0,1,1,1,2,1,0,0,1
1,1,1,1,0,0,0,1,1,1,1,0,0,0,1,1,1,1,0,0,0,1,1,1,1,0,0,0,1,1,1,1,0,0,0,1,1,1,1,0,0,0,1,1,2,1,0,0,0,1
0,0,0,1,1,1,1,0,0,0,1,1,1,1,0,0,0,1,1,1,1,0,0,0,1,1,1,4,0,0,0,1,1,1,4,0,0,0,1,1,1,4,0,0,0,1,1,1,4,1
0,0,1,1,1,1,1,0,0,1,1,1,1,1,0,0,1,1,1,1,1,0,0,1,1,1,4,4,0,0,1,1,1,4,4,0,0,1,1,1,4,4,0,0,1,1,1,4,4,1
0,1,1,1,1,1,1,0,1,1,1,1,1,1,0,1,1,1,1,1,1,0,1,1,1,4,4,4,0,1,1,1,4,4,4,0,1,1,1,4,4,4,0,1,1,1,4,4,4,1
1,1,1,1,1,1,1,1,1,1,1,1,1,1,1,1,1,1,1,1,1,1,1,1,4,4,4,4,1,1,1,4,4,4,4,1,1,1,4,4,4,4,1,1,1,4,4,4,4,4
1,1,1,1,1,1,1,1,1,1,1,1,1,1,1,1,1,1,1,1,1,1,1,4,4,4,4,1,1,1,4,4,4,4,1,1,1,4,4,4,4,1,1,1,4,4,4,4,1,4
1,1,1,1,1,1,1,1,1,1,1,1,1,1,1,1,1,1,1,1,1,1,4,4,4,4,1,1,1,4,4,4,4,1,1,1,4,4,4,4,1,1,1,4,4,4,4,1,1,4
1,1,1,1,1,1,1,1,1,1,1,1,1,1,1,1,1,1,1,1,1,4,4,4,4,1,1,1,4,4,4,4,1,1,1,4,4,4,4,1,1,1,4,4,4,4,1,1,1,4
1,1,1,1,1,1,1,1,1,1,1,1,1,1,1,1,1,1,1,1,1,4,4,4,1,1,1,1,4,4,4,1,1,1,1,4,4,4,1,1,1,2,4,4,4,1,1,1,1,1
1,1,1,1,1,1,1,1,1,1,1,1,1,1,1,1,1,1,1,1,1,4,4,1,1,1,1,1,4,4,1,1,1,1,1,4,4,1,1,1,2,1,4,4,1,1,1,1,1,1
1,1,1,1,1,1,0,1,1,1,1,1,1,0,1,1,1,1,1,1,0,4,1,1,1,1,1,0,4,1,1,1,1,1,0,4,1,1,1,2,1,0,4,1,1,1,1,1,0,1
1,1,1,1,1,0,0,1,1,1,1,1,0,0,1,1,1,1,1,0,0,1,1,1,1,1,0,0,1,1,1,1,1,0,0,1,1,1,2,1,0,0,1,1,1,1,1,0,0,1
1,1,1,1,0,0,0,1,1,1,1,0,0,0,1,1,1,1,0,0,0,1,1,1,1,0,0,0,1,1,1,1,0,0,0,1,1,2,1,0,0,0,1,1,1,1,0,0,0,1
0,0,0,1,1,1,1,0,0,0,1,1,1,1,0,0,0,1,1,1,4,0,0,0,1,1,1,4,0,0,0,1,1,1,4,0,0,0,1,1,1,4,0,0,0,1,1,1,1,1
0,0,1,1,1,1,1,0,0,1,1,1,1,1,0,0,1,1,1,4,4,0,0,1,1,1,4,4,0,0,1,1,1,4,4,0,0,1,1,1,4,4,0,0,1,1,1,1,1,1
0,1,1,1,1,1,1,0,1,1,1,1,1,1,0,1,1,1,4,4,4,0,1,1,1,4,4,4,0,1,1,1,4,4,4,0,1,1,1,4,4,4,0,1,1,1,1,1,1,1
1,1,1,1,1,1,1,1,1,1,1,1,1,1,1,1,1,4,4,4,4,1,1,1,4,4,4,4,1,1,1,4,4,4,4,1,1,1,4,4,4,4,1,1,1,1,1,1,1,4
1,1,1,1,1,1,1,1,1,1,1,1,1,1,1,1,4,4,4,4,1,1,1,4,4,4,4,1,1,1,4,4,4,4,1,1,1,4,4,4,4,1,1,1,1,1,1,1,1,4
1,1,1,1,1,1,1,1,1,1,1,1,1,1,1,4,4,4,4,1,1,1,4,4,4,4,1,1,1,4,4,4,4,1,1,1,4,4,4,4,1,1,1,1,1,1,1,1,1,4
1,1,1,1,1,1,1,1,1,1,1,1,1,1,4,4,4,4,1,1,1,4,4,4,4,1,1,1,4,4,4,4,1,1,1,4,4,4,4,1,1,1,1,1,1,1,1,1,1,4
1,1,1,1,1,1,1,1,1,1,1,1,1,1,4,4,4,1,1,1,1,4,4,4,1,1,1,1,4,4,4,1,1,1,2,4,4,4,1,1,1,1,1,1,1,1,1,1,1,1
1,1,1,1,1,1,1,1,1,1,1,1,1,1,4,4,1,1,1,1,1,4,4,1,1,1,1,1,4,4,1,1,1,2,1,4,4,1,1,1,1,1,1,1,1,1,1,1,1,1
1,1,1,1,1,1,0,1,1,1,1,1,1,0,4,1,1,1,1,1,0,4,1,1,1,1,1,0,4,1,1,1,2,1,0,4,1,1,1,1,1,0,1,1,1,1,1,1,0,1
1,1,1,1,1,0,0,1,1,1,1,1,0,0,1,1,1,1,1,0,0,1,1,1,1,1,0,0,1,1,1,2,1,0,0,1,1,1,1,1,0,0,1,1,1,1,1,0,0,1
1,1,1,1,0,0,0,1,1,1,1,0,0,0,1,1,1,1,0,0,0,1,1,1,1,0,0,0,1,1,2,1,0,0,0,1,1,1,1,0,0,0,1,1,1,1,0,0,0,1
0,0,0,1,1,1,1,0,0,0,1,1,1,4,0,0,0,1,1,1,4,0,0,0,1,1,1,4,0,0,0,1,1,1,4,0,0,0,1,1,1,1,0,0,0,1,1,1,1,1
0,0,1,1,1,1,1,0,0,1,1,1,4,4,0,0,1,1,1,4,4,0,0,1,1,1,4,4,0,0,1,1,1,4,4,0,0,1,1,1,1,1,0,0,1,1,1,1,1,1
0,1,1,1,1,1,1,0,1,1,1,4,4,4,0,1,1,1,4,4,4,0,1,1,1,4,4,4,0,1,1,1,4,4,4,0,1,1,1,1,1,1,0,1,1,1,1,1,1,1
1,1,1,1,1,1,1,1,1,1,4,4,4,4,1,1,1,4,4,4,4,1,1,1,4,4,4,4,1,1,1,4,4,4,4,1,1,1,1,1,1,1,1,1,1,1,1,1,1,4
1,1,1,1,1,1,1,1,1,4,4,4,4,1,1,1,4,4,4,4,1,1,1,4,4,4,4,1,1,1,4,4,4,4,1,1,1,1,1,1,1,1,1,1,1,1,1,1,1,4
1,1,1,1,1,1,1,1,4,4,4,4,1,1,1,4,4,4,4,1,1,1,4,4,4,4,1,1,1,4,4,4,4,1,1,1,1,1,1,1,1,1,1,1,1,1,1,1,1,4
1,1,1,1,1,1,1,4,4,4,4,1,1,1,4,4,4,4,1,1,1,4,4,4,4,1,1,1,4,4,4,4,1,1,1,1,1,1,1,1,1,1,1,1,1,1,1,1,1,4
1,1,1,1,1,1,1,4,4,4,1,1,1,1,4,4,4,1,1,1,1,4,4,4,1,1,1,2,4,4,4,1,1,1,1,1,1,1,1,1,1,1,1,1,1,1,1,1,1,2
1,1,1,1,1,1,1,4,4,1,1,1,1,1,4,4,1,1,1,1,1,4,4,1,1,1,2,1,4,4,1,1,1,1,1,1,1,1,1,1,1,1,1,1,1,1,1,1,1,2
1,1,1,1,1,1,0,4,1,1,1,1,1,0,4,1,1,1,1,1,0,4,1,1,1,2,1,0,4,1,1,1,1,1,0,1,1,1,1,1,1,0,1,1,1,1,1,1,0,2
1,1,1,1,1,0,0,1,1,1,1,1,0,0,1,1,1,1,1,0,0,1,1,1,2,1,0,0,1,1,1,1,1,0,0,1,1,1,1,1,0,0,1,1,1,1,1,0,0,2
1,1,1,1,0,0,0,1,1,1,1,0,0,0,1,1,1,1,0,0,0,1,1,2,1,0,0,0,1,1,1,1,0,0,0,1,1,1,1,0,0,0,1,1,1,1,0,0,0,1
0,0,0,1,1,1,4,0,0,0,1,1,1,4,0,0,0,1,1,1,4,0,0,0,1,1,1,4,0,0,0,1,1,1,1,0,0,0,1,1,1,1,0,0,0,1,1,1,1,1
0,0,1,1,1,4,4,0,0,1,1,1,4,4,0,0,1,1,1,4,4,0,0,1,1,1,4,4,0,0,1,1,1,1,1,0,0,1,1,1,1,1,0,0,1,1,1,1,1,1
0,1,1,1,4,4,4,0,1,1,1,4,4,4,0,1,1,1,4,4,4,0,1,1,1,4,4,4,0,1,1,1,1,1,1,0,1,1,1,1,1,1,0,1,1,1,1,1,1,1
1,1,1,4,4,4,4,1,1,1,4,4,4,4,1,1,1,4,4,4,4,1,1,1,4,4,4,4,1,1,1,1,1,1,1,1,1,1,1,1,1,1,1,1,1,1,1,1,1,4
1,1,4,4,4,4,1,1,1,4,4,4,4,1,1,1,4,4,4,4,1,1,1,4,4,4,4,1,1,1,1,1,1,1,1,1,1,1,1,1,1,1,1,1,1,1,1,1,1,4
1,4,4,4,4,1,1,1,4,4,4,4,1,1,1,4,4,4,4,1,1,1,4,4,4,4,1,1,1,1,1,1,1,1,1,1,1,1,1,1,1,1,1,1,1,1,1,1,1,4
4,4,4,4,1,1,1,4,4,4,4,1,1,1,4,4,4,4,1,1,1,4,4,4,4,1,1,1,1,1,1,1,1,1,1,1,1,1,1,1,1,1,1,1,1,1,1,1,1,4
4,4,4,1,1,1,1,4,4,4,1,1,1,1,4,4,4,1,1,1,2,4,4,4,1,1,1,1,1,1,1,1,1,1,1,1,1,1,1,1,1,1,1,1,1,1,1,1,1,1
4,4,1,1,1,1,1,4,4,1,1,1,1,1,4,4,1,1,1,2,1,4,4,1,1,1,1,1,1,1,1,1,1,1,1,1,1,1,1,1,1,1,1,1,1,1,1,1,1,1
4,1,1,1,1,1,0,4,1,1,1,1,1,0,4,1,1,1,2,1,0,4,1,1,1,1,1,0,1,1,1,1,1,1,0,1,1,1,1,1,1,0,1,1,1,1,1,1,0,1
1,1,1,1,1,0,0,1,1,1,1,1,0,0,1,1,1,2,1,0,0,1,1,1,1,1,0,0,1,1,1,1,1,0,0,1,1,1,1,1,0,0,1,1,1,1,1,0,0,1
1,1,1,1,0,0,0,1,1,1,1,0,0,0,1,1,2,1,0,0,0,1,1,1,1,0,0,0,1,1,1,1,0,0,0,1,1,1,1,0,0,0,1,1,1,1,0,0,0,1
0,0,0,1,1,1,4,0,0,0,1,1,1,4,0,0,0,1,1,1,4,0,0,0,1,1,1,1,0,0,0,1,1,1,1,0,0,0,1,1,1,1,0,0,0,1,2,1,1,1
0,0,1,1,1,4,4,0,0,1,1,1,4,4,0,0,1,1,1,4,4,0,0,1,1,1,1,1,0,0,1,1,1,1,1,0,0,1,1,1,1,1,0,0,1,2,1,1,1,1
0,1,1,1,4,4,4,0,1,1,1,4,4,4,0,1,1,1,4,4,4,0,1,1,1,1,1,1,0,1,1,1,1,1,1,0,1,1,1,1,1,1,0,1,2,1,1,1,1,1
1,1,1,4,4,4,4,1,1,1,4,4,4,4,1,1,1,4,4,4,4,1,1,1,1,1,1,1,1,1,1,1,1,1,1,1,1,1,1,1,1,1,1,2,1,1,1,1,1,1
1,1,4,4,4,4,1,1,1,4,4,4,4,1,1,1,4,4,4,4,1,1,1,1,1,1,1,1,1,1,1,1,1,1,1,1,1,1,1,1,1,1,2,1,1,1,1,1,1,1
1,4,4,4,4,1,1,1,4,4,4,4,1,1,1,4,4,4,4,1,1,1,1,1,1,1,1,1,1,1,1,1,1,1,1,1,1,1,1,1,1,1,1,1,1,1,1,1,1,1
4,4,4,4,1,1,1,4,4,4,4,1,1,1,4,4,4,4,1,1,1,1,1,1,1,1,1,1,1,1,1,1,1,1,1,1,1,1,1,1,1,1,1,1,1,1,1,1,1,1
4,4,4,1,1,1,1,4,4,4,1,1,1,2,4,4,4,1,1,1,1,1,1,1,1,1,1,1,1,1,1,1,1,1,1,1,1,1,1,1,1,1,1,1,1,1,1,1,1,1
4,4,1,1,1,1,1,4,4,1,1,1,2,1,4,4,1,1,1,1,1,1,1,1,1,1,1,1,1,1,1,1,1,1,1,1,1,1,1,1,1,1,1,1,1,1,1,1,1,1
4,1,1,1,1,1,0,4,1,1,1,2,1,0,4,1,1,1,1,1,0,1,1,1,1,1,1,0,1,1,1,1,1,1,0,1,1,1,1,1,1,0,1,1,1,1,1,1,0,1
1,1,1,1,1,0,0,1,1,1,2,1,0,0,1,1,1,1,1,0,0,1,1,1,1,1,0,0,1,1,1,1,1,0,0,1,1,1,1,1,0,0,1,1,1,1,1,0,0,1
1,1,1,1,0,0,0,1,1,2,1,0,0,0,1,1,1,1,0,0,0,1,1,1,1,0,0,0,1,1,1,1,0,0,0,1,1,1,1,0,0,0,1,1,1,1,0,0,0,1
0,0,0,1,1,1,4,0,0,0,1,1,1,4,0,0,0,1,1,1,1,0,0,0,1,1,1,1,0,0,0,1,1,1,1,0,0,0,1,2,1,1,0,0,0,1,1,1,1,1
0,0,1,1,1,4,4,0,0,1,1,1,4,4,0,0,1,1,1,1,1,0,0,1,1,1,1,1,0,0,1,1,1,1,1,0,0,1,2,1,1,1,0,0,1,1,1,1,1,1
0,1,1,1,4,4,4,0,1,1,1,4,4,4,0,1,1,1,1,1,1,0,1,1,1,1,1,1,0,1,1,1,1,1,1,0,1,2,1,1,1,1,0,1,1,1,1,1,1,1
1,1,1,4,4,4,4,1,1,1,4,4,4,4,1,1,1,1,1,1,1,1,1,1,1,1,1,1,1,1,1,1,1,1,1,1,2,1,1,1,1,1,1,1,1,1,1,1,1,1
1,1,4,4,4,4,1,1,1,4,4,4,4,1,1,1,1,1,1,1,1,1,1,1,1,1,1,1,1,1,1,1,1,1,1,2,1,1,1,1,1,1,1,1,1,1,1,1,1,1
1,4,4,4,4,1,1,1,4,4,4,4,1,1,1,1,1,1,1,1,1,1,1,1,1,1,1,1,1,1,1,1,1,1,1,1,1,1,1,1,1,1,1,1,1,1,1,1,1,1
4,4,4,4,1,1,1,4,4,4,4,1,1,1,1,1,1,1,1,1,1,1,1,1,1,1,1,1,1,1,1,1,1,1,1,1,1,1,1,1,1,1,1,1,1,1,1,1,1,1
4,4,4,1,1,1,2,4,4,4,1,1,1,1,1,1,1,1,1,1,1,1,1,1,1,1,1,1,1,1,1,1,1,1,1,1,1,1,1,1,1,1,1,1,1,1,1,1,1,1
4,4,1,1,1,2,1,4,4,1,1,1,1,1,1,1,1,1,1,1,1,1,1,1,1,1,1,1,1,1,1,1,1,1,1,1,1,1,1,1,1,1,1,1,1,1,1,1,1,1
4,1,1,1,2,1,0,4,1,1,1,1,1,0,1,1,1,1,1,1,0,1,1,1,1,1,1,0,1,1,1,1,1,1,0,1,1,1,1,1,1,0,1,1,1,1,1,1,0,1
1,1,1,2,1,0,0,1,1,1,1,1,0,0,1,1,1,1,1,0,0,1,1,1,1,1,0,0,1,1,1,1,1,0,0,1,1,1,1,1,0,0,1,1,1,1,1,0,0,1
1,1,2,1,0,0,0,1,1,1,1,0,0,0,1,1,1,1,0,0,0,1,1,1,1,0,0,0,1,1,1,1,0,0,0,1,1,1,1,0,0,0,1,1,1,1,0,0,0,1
0,0,0,1,1,1,4,0,0,0,1,1,1,1,0,0,0,1,1,1,1,0,0,0,1,1,1,1,0,0,0,1,2,1,1,0,0,0,1,1,1,1,0,0,0,1,1,1,1,1
0,0,1,1,1,4,4,0,0,1,1,1,1,1,0,0,1,1,1,1,1,0,0,1,1,1,1,1,0,0,1,2,1,1,1,0,0,1,1,1,1,1,0,0,1,1,1,1,1,1
0,1,1,1,4,4,4,0,1,1,1,1,1,1,0,1,1,1,1,1,1,0,1,1,1,1,1,1,0,1,2,1,1,1,1,0,1,1,1,1,1,1,0,1,1,1,1,1,1,1
1,1,1,4,4,4,4,1,1,1,1,1,1,1,1,1,1,1,1,1,1,1,1,1,1,1,1,1,1,2,1,1,1,1,1,1,1,1,1,1,1,1,1,1,1,1,1,1,1,1
1,1,4,4,4,4,1,1,1,1,1,1,1,1,1,1,1,1,1,1,1,1,1,1,1,1,1,1,2,1,1,1,1,1,1,1,1,1,1,1,1,1,1,1,1,1,1,1,1,1
1,4,4,4,4,1,1,1,1,1,1,1,1,1,1,1,1,1,1,1,1,1,1,1,1,1,1,1,1,1,1,1,1,1,1,1,1,1,1,1,1,1,1,1,1,1,1,1,1,1
4,4,4,4,1,1,1,1,1,1,1,1,1,1,1,1,1,1,1,1,1,1,1,1,1,1,1,1,1,1,1,1,1,1,1,1,1,1,1,1,1,1,1,1,1,1,1,1,1,1
4,4,4,1,1,1,1,1,1,1,1,1,1,1,1,1,1,1,1,1,1,1,1,1,1,1,1,1,1,1,1,1,1,1,1,1,1,1,1,1,1,1,1,1,1,1,1,1,1,1
4,4,1,1,1,1,1,1,1,1,1,1,1,1,1,1,1,1,1,1,1,1,1,1,1,1,1,1,1,1,1,1,1,1,1,1,1,1,1,1,1,1,1,1,1,1,1,1,1,1
4,1,1,1,1,1,0,1,1,1,1,1,1,0,1,1,1,1,1,1,0,1,1,1,1,1,1,0,1,1,1,1,1,1,0,1,1,1,1,1,1,0,1,1,1,1,1,1,0,1
1,1,1,1,1,0,0,1,1,1,1,1,0,0,1,1,1,1,1,0,0,1,1,1,1,1,0,0,1,1,1,1,1,0,0,1,1,1,1,1,0,0,1,1,1,1,1,0,0,1
1,1,1,1,0,0,0,1,1,1,1,0,0,0,1,1,1,1,0,0,0,1,1,1,1,0,0,0,1,1,1,1,0,0,0,1,1,1,1,0,0,0,1,1,1,1,0,0,0,1
0,0,0,1,1,1,1,0,0,0,1,1,1,1,0,0,0,1,1,1,1,0,0,0,1,2,1,1,0,0,0,1,1,1,1,0,0,0,1,1,1,1,0,0,0,0,0,0,0,1
0,0,1,1,1,1,1,0,0,1,1,1,1,1,0,0,1,1,1,1,1,0,0,1,2,1,1,1,0,0,1,1,1,1,1,0,0,1,1,1,1,1,0,0,0,0,0,0,0,2
0,1,1,1,1,1,1,0,1,1,1,1,1,1,0,1,1,1,1,1,1,0,1,2,1,1,1,1,0,1,1,1,1,1,1,0,1,1,1,1,1,1,0,0,0,0,0,0,0,1
1,1,1,1,1,1,1,1,1,1,1,1,1,1,1,1,1,1,1,1,1,1,2,1,1,1,1,1,1,1,1,1,1,1,1,1,1,1,1,1,1,1,0,0,0,0,0,0,0,1
1,1,1,1,1,1,1,1,1,1,1,1,1,1,1,1,1,1,1,1,1,2,1,1,1,1,1,1,1,1,1,1,1,1,1,1,1,1,1,1,1,1,0,0,0,0,0,0,0,1
1,1,1,1,1,1,1,1,1,1,1,1,1,1,1,1,1,1,1,1,1,1,1,1,1,1,1,1,1,1,1,1,1,1,1,1,1,1,1,1,1,1,0,0,0,0,0,0,0,1
1,1,1,1,1,1,0,1,1,1,1,1,1,0,1,1,1,1,1,1,0,1,1,1,1,1,1,0,1,1,1,1,1,1,0,1,1,1,1,1,1,0,0,0,0,0,0,0,0,1
1,1,1,1,1,0,0,1,1,1,1,1,0,0,1,1,1,1,1,0,0,1,1,1,1,1,0,0,1,1,1,1,1,0,0,1,1,1,1,1,0,0,0,0,0,0,0,0,0,1
1,1,1,1,0,0,0,1,1,1,1,0,0,0,1,1,1,1,0,0,0,1,1,1,1,0,0,0,1,1,1,1,0,0,0,1,1,1,1,0,0,0,0,0,0,0,0,0,0,1
0,0,0,1,1,1,1,0,0,0,1,1,1,1,0,0,0,1,2,1,1,0,0,0,1,1,1,1,0,0,0,1,1,1,1,0,0,0,0,0,0,0,0,0,0,0,0,0,0,1
0,0,1,1,1,1,1,0,0,1,1,1,1,1,0,0,1,2,1,1,1,0,0,1,1,1,1,1,0,0,1,1,1,1,1,0,0,0,0,0,0,0,0,0,0,0,0,0,0,1
0,1,1,1,1,1,1,0,1,1,1,1,1,1,0,1,2,1,1,1,1,0,1,1,1,1,1,1,0,1,1,1,1,1,1,0,0,0,0,0,0,0,0,0,0,0,0,0,0,1
1,1,1,1,1,1,1,1,1,1,1,1,1,1,1,2,1,1,1,1,1,1,1,1,1,1,1,1,1,1,1,1,1,1,1,0,0,0,0,0,0,0,0,0,0,0,0,0,0,1
1,1,1,1,1,1,1,1,1,1,1,1,1,1,2,1,1,1,1,1,1,1,1,1,1,1,1,1,1,1,1,1,1,1,1,0,0,0,0,0,0,0,0,0,0,0,0,0,0,1
1,1,1,1,1,1,1,1,1,1,1,1,1,1,1,1,1,1,1,1,1,1,1,1,1,1,1,1,1,1,1,1,1,1,1,0,0,0,0,0,0,0,0,0,0,0,0,0,0,1
1,1,1,1,1,1,0,1,1,1,1,1,1,0,1,1,1,1,1,1,0,1,1,1,1,1,1,0,1,1,1,1,1,1,0,0,0,0,0,0,0,0,0,0,0,0,0,0,0,1
1,1,1,1,1,0,0,1,1,1,1,1,0,0,1,1,1,1,1,0,0,1,1,1,1,1,0,0,1,1,1,1,1,0,0,0,0,0,0,0,0,0,0,0,0,0,0,0,0,1
1,1,1,1,0,0,0,1,1,1,1,0,0,0,1,1,1,1,0,0,0,1,1,1,1,0,0,0,1,1,1,1,0,0,0,0,0,0,0,0,0,0,0,0,0,0,0,0,0,1
0,0,0,1,1,1,1,0,0,0,1,2,1,1,0,0,0,1,1,1,1,0,0,0,1,1,1,1,0,0,0,0,0,0,0,0,0,0,0,0,0,0,0,0,0,0,0,0,0,1
0,0,1,1,1,1,1,0,0,1,2,1,1,1,0,0,1,1,1,1,1,0,0,1,1,1,1,1,0,0,0,0,0,0,0,0,0,0,0,0,0,0,0,0,0,0,0,0,0,1
0,1,1,1,1,1,1,0,1,2,1,1,1,1,0,1,1,1,1,1,1,0,1,1,1,1,1,1,0,0,0,0,0,0,0,0,0,0,0,0,0,0,0,0,0,0,0,0,0,1
1,1,1,1,1,1,1,1,2,1,1,1,1,1,1,1,1,1,1,1,1,1,1,1,1,1,1,1,0,0,0,0,0,0,0,0,0,0,0,0,0,0,0,0,0,0,0,0,0,1
1,1,1,1,1,1,1,2,1,1,1,1,1,1,1,1,1,1,1,1,1,1,1,1,1,1,1,1,0,0,0,0,0,0,0,0,0,0,0,0,0,0,0,0,0,0,0,0,0,1
1,1,1,1,1,1,1,1,1,1,1,1,1,1,1,1,1,1,1,1,1,1,1,1,1,1,1,1,0,0,0,0,0,0,0,0,0,0,0,0,0,0,0,0,0,0,0,0,0,1
1,1,1,1,1,1,0,1,1,1,1,1,1,0,1,1,1,1,1,1,0,1,1,1,1,1,1,0,0,0,0,0,0,0,0,0,0,0,0,0,0,0,0,0,0,0,0,0,0,1
1,1,1,1,1,0,0,1,1,1,1,1,0,0,1,1,1,1,1,0,0,1,1,1,1,1,0,0,0,0,0,0,0,0,0,0,0,0,0,0,0,0,0,0,0,0,0,0,0,1
1,1,1,1,0,0,0,1,1,1,1,0,0,0,1,1,1,1,0,0,0,1,1,1,1,0,0,0,0,0,0,0,0,0,0,0,0,0,0,0,0,0,0,0,0,0,0,0,0,1
0,0,0,0,0,0,0,0,0,0,0,0,0,0,0,0,0,0,0,0,0,0,0,1,1,1,1,1,0,0,1,1,1,1,1,0,0,1,1,1,1,1,0,0,1,1,1,1,1,1
0,0,0,0,0,0,0,0,0,0,0,0,0,0,0,0,0,0,0,0,0,0,1,1,1,1,1,1,0,1,1,1,1,1,1,0,1,1,1,1,1,1,0,1,1,1,1,1,1,1
0,0,0,0,0,0,0,0,0,0,0,0,0,0,0,0,0,0,0,0,0,1,1,1,1,1,1,1,1,1,1,1,1,1,4,1,1,1,1,1,1,1,1,1,1,1,1,1,1,1
0,0,0,0,0,0,0,0,0,0,0,0,0,0,0,0,0,0,0,0,0,1,1,1,1,1,1,1,1,1,1,1,1,4,1,1,1,1,1,1,1,1,1,1,1,1,1,1,1,1
0,0,0,0,0,0,0,0,0,0,0,0,0,0,0,0,0,0,0,0,0,1,1,1,1,1,1,1,1,1,1,1,4,1,1,1,1,1,1,1,1,1,1,1,1,1,1,1,1,1
0,0,0,0,0,0,0,0,0,0,0,0,0,0,0,0,0,0,0,0,0,1,1,1,1,1,1,1,1,1,1,4,1,1,1,1,1,1,1,1,1,1,1,1,1,1,1,1,4,1
0,0,0,0,0,0,0,0,0,0,0,0,0,0,0,0,0,0,0,0,0,1,1,1,1,1,1,1,1,1,4,1,1,1,1,1,1,1,1,1,1,1,1,1,1,1,1,4,1,1
0,0,0,0,0,0,0,0,0,0,0,0,0,0,0,0,0,0,0,0,0,1,1,1,1,1,1,1,1,4,1,1,1,1,1,1,1,1,1,1,1,1,1,1,1,1,4,1,1,1
0,0,0,0,0,0,0,0,0,0,0,0,0,0,0,0,0,0,0,0,0,1,1,1,1,1,1,1,4,1,1,1,1,1,1,1,1,1,1,1,1,1,1,1,1,4,1,1,1,1
0,0,0,0,0,0,0,0,0,0,0,0,0,0,0,0,0,0,0,0,0,1,1,1,1,1,1,1,1,1,1,1,1,1,1,1,1,1,1,1,1,1,1,1,4,1,1,1,1,1
0,0,0,0,0,0,0,0,0,0,0,0,0,0,0,0,0,0,0,0,0,1,1,1,1,1,1,1,1,1,1,1,1,1,1,1,1,1,1,1,1,1,1,4,1,1,1,1,1,1
0,0,0,0,0,0,0,0,0,0,0,0,0,0,0,0,0,0,0,0,0,1,1,1,1,1,1,1,1,1,1,1,1,1,1,1,1,1,1,1,1,1,4,1,1,1,1,1,1,1
0,0,0,0,0,0,0,0,0,0,0,0,0,0,0,0,0,1,1,1,1,0,0,0,1,1,1,1,0,0,0,1,1,1,1,0,0,0,1,1,1,1,0,0,0,1,1,1,1,1
0,0,0,0,0,0,0,0,0,0,0,0,0,0,0,0,1,1,1,1,1,0,0,1,1,1,1,1,0,0,1,1,1,1,1,0,0,1,1,1,1,1,0,0,1,1,1,1,1,1
0,0,0,0,0,0,0,0,0,0,0,0,0,0,0,1,1,1,1,1,1,0,1,1,1,1,1,1,0,1,1,1,1,1,1,0,1,1,1,1,1,1,0,1,1,1,1,1,1,1
0,0,0,0,0,0,0,0,0,0,0,0,0,0,1,1,1,1,1,1,1,1,1,1,1,1,1,1,1,1,1,1,1,1,1,1,1,1,1,1,1,1,1,1,1,1,1,1,1,1
0,0,0,0,0,0,0,0,0,0,0,0,0,0,1,1,1,1,1,1,1,1,1,1,1,1,1,4,1,1,1,1,1,1,1,1,1,1,1,1,1,1,1,1,1,1,1,1,1,1
0,0,0,0,0,0,0,0,0,0,0,0,0,0,1,1,1,1,1,1,1,1,1,1,1,1,4,1,1,1,1,1,1,1,1,1,1,1,1,1,1,1,1,1,1,1,1,1,1,1
0,0,0,0,0,0,0,0,0,0,0,0,0,0,1,1,1,1,1,1,1,1,1,1,1,4,1,1,1,1,1,1,1,1,1,1,1,1,1,1,1,1,1,1,1,1,1,1,1,1
0,0,0,0,0,0,0,0,0,0,0,0,0,0,1,1,1,1,1,1,1,1,1,1,4,1,1,1,1,1,1,1,1,1,1,1,1,1,1,1,1,4,1,1,1,1,1,1,1,4
0,0,0,0,0,0,0,0,0,0,0,0,0,0,1,1,1,1,1,1,1,1,1,4,1,1,1,1,1,1,1,1,1,1,1,1,1,1,1,1,4,1,1,1,1,1,1,1,1,1
0,0,0,0,0,0,0,0,0,0,0,0,0,0,1,1,1,1,1,1,1,1,4,1,1,1,1,1,1,1,1,1,1,1,1,1,1,1,1,4,1,1,1,1,1,1,1,1,1,1
0,0,0,0,0,0,0,0,0,0,0,0,0,0,1,1,1,1,1,1,1,4,1,1,1,1,1,1,1,1,1,1,1,1,1,1,1,1,4,1,1,1,1,1,1,1,1,1,1,1
0,0,0,0,0,0,0,0,0,0,0,0,0,0,1,1,1,1,1,1,1,1,1,1,1,1,1,1,1,1,1,1,1,1,1,1,1,4,1,1,1,1,1,1,1,1,1,1,4,1
0,0,0,0,0,0,0,0,0,0,0,0,0,0,1,1,1,1,1,1,1,1,1,1,1,1,1,1,1,1,1,1,1,1,1,1,4,1,1,1,1,1,1,1,1,1,1,4,1,1
0,0,0,0,0,0,0,0,0,0,0,0,0,0,1,1,1,1,1,1,1,1,1,1,1,1,1,1,1,1,1,1,1,1,1,4,1,1,1,1,1,1,1,1,1,1,4,1,1,1
0,0,0,0,0,0,0,0,0,0,0,0,0,0,1,1,1,1,1,1,0,1,1,1,1,1,1,0,1,1,1,1,1,1,0,1,1,1,1,1,1,0,1,1,1,4,1,1,0,1
0,0,0,0,0,0,0,0,0,0,0,0,0,0,1,1,1,1,1,0,0,1,1,1,1,1,0,0,1,1,1,1,1,0,0,1,1,1,1,1,0,0,1,1,4,1,1,0,0,1
0,0,0,0,0,0,0,0,0,0,0,0,0,0,1,1,1,1,0,0,0,1,1,1,1,0,0,0,1,1,1,1,0,0,0,1,1,1,1,0,0,0,1,4,1,1,0,0,0,1
0,0,0,0,0,0,0,0,0,0,1,1,1,1,0,0,0,1,1,1,1,0,0,0,1,1,1,1,0,0,0,1,1,1,1,0,0,0,1,1,1,1,0,0,0,1,1,4,1,1
0,0,0,0,0,0,0,0,0,1,1,1,1,1,0,0,1,1,1,1,1,0,0,1,1,1,1,1,0,0,1,1,1,1,1,0,0,1,1,1,1,1,0,0,1,1,4,1,1,1
0,0,0,0,0,0,0,0,1,1,1,1,1,1,0,1,1,1,1,1,1,0,1,1,1,1,1,1,0,1,1,1,1,1,1,0,1,1,1,1,1,1,0,1,1,4,1,1,1,1
0,0,0,0,0,0,0,1,1,1,1,1,1,1,1,1,1,1,1,1,1,1,1,1,1,1,1,1,1,1,1,1,1,1,1,1,1,1,1,1,1,1,1,1,4,1,1,1,1,1
0,0,0,0,0,0,0,1,1,1,1,1,1,1,1,1,1,1,1,1,1,1,1,1,1,1,1,1,1,1,1,1,1,1,1,1,1,1,1,1,1,1,1,4,1,1,1,1,5,1
0,0,0,0,0,0,0,1,1,1,1,1,1,1,1,1,1,1,1,1,4,1,1,1,1,1,1,1,1,1,1,1,1,1,1,1,1,1,1,1,1,1,4,1,1,1,1,5,5,1
0,0,0,0,0,0,0,1,1,1,1,1,1,1,1,1,1,1,1,4,1,1,1,1,1,1,1,1,1,1,1,1,1,1,1,1,1,1,1,1,1,1,1,1,1,1,5,5,5,1
0,0,0,0,0,0,0,1,1,1,1,1,1,1,1,1,1,1,4,1,1,1,1,1,1,1,1,1,1,1,1,1,1,1,1,1,1,1,1,1,1,1,1,1,1,5,5,5,5,1
0,0,0,0,0,0,0,1,1,1,1,1,1,1,1,1,1,4,1,1,1,1,1,1,1,1,1,1,1,1,1,1,1,1,4,1,1,1,1,1,1,1,1,1,5,5,5,5,5,4
0,0,0,0,0,0,0,1,1,1,1,1,1,1,1,1,4,1,1,1,1,1,1,1,1,1,1,1,1,1,1,1,1,4,1,1,1,1,1,1,1,1,1,5,5,5,5,5,1,1
0,0,0,0,0,0,0,1,1,1,1,1,1,1,1,4,1,1,1,1,1,1,1,1,1,1,1,1,1,1,1,1,4,1,1,1,1,1,1,1,1,1,5,5,5,5,5,1,1,1
0,0,0,0,0,0,0,1,1,1,1,1,1,1,4,1,1,1,1,1,1,1,1,1,1,1,1,1,1,1,1,4,1,1,1,1,1,1,1,1,1,1,5,5,5,5,1,1,1,1
0,0,0,0,0,0,0,1,1,1,1,1,1,1,1,1,1,1,1,1,1,1,1,1,1,1,1,1,1,1,4,1,1,1,1,1,1,1,1,1,1,4,5,5,5,1,1,1,1,1
0,0,0,0,0,0,0,1,1,1,1,1,1,1,1,1,1,1,1,1,1,1,1,1,1,1,1,1,1,4,1,1,1,1,1,1,1,1,1,1,4,1,5,5,1,1,1,1,1,1
0,0,0,0,0,0,0,1,1,1,1,1,1,1,1,1,1,1,1,1,1,1,1,1,1,1,1,1,4,1,1,1,1,1,1,1,1,1,1,4,1,1,5,1,1,1,1,1,1,1
0,0,0,0,0,0,0,1,1,1,1,1,1,0,1,1,1,1,1,1,0,1,1,1,1,1,1,0,1,1,1,1,1,1,0,1,1,1,4,1,1,0,1,1,1,1,1,1,0,1
0,0,0,0,0,0,0,1,1,1,1,1,0,0,1,1,1,1,1,0,0,1,1,1,1,1,0,0,1,1,1,1,1,0,0,1,1,4,1,1,0,0,1,1,1,1,1,0,0,1
0,0,0,0,0,0,0,1,1,1,1,0,0,0,1,1,1,1,0,0,0,1,1,1,1,0,0,0,1,1,1,1,0,0,0,1,4,1,1,0,0,0,1,1,1,1,0,0,0,1
0,0,0,1,1,1,1,0,0,0,1,1,1,1,0,0,0,1,1,1,1,0,0,0,1,1,1,1,0,0,0,1,1,1,1,0,0,0,1,1,4,1,0,0,0,1,1,1,1,1
0,0,1,1,1,1,1,0,0,1,1,1,1,1,0,0,1,1,1,1,1,0,0,1,1,1,1,1,0,0,1,1,1,1,1,0,0,1,1,4,1,1,0,0,1,1,1,1,1,1
0,1,1,1,1,1,1,0,1,1,1,1,1,1,0,1,1,1,1,1,1,0,1,1,1,1,1,1,0,1,1,1,1,1,1,0,1,1,4,1,1,1,0,1,1,1,1,1,1,1
1,1,1,1,1,1,1,1,1,1,1,1,1,1,1,1,1,1,1,1,1,1,1,1,1,1,1,1,1,1,1,1,1,1,1,1,1,4,1,1,1,1,1,1,1,1,1,1,1,1
1,1,1,1,1,1,1,1,1,1,1,1,1,1,1,1,1,1,1,1,1,1,1,1,1,1,1,1,1,1,1,1,1,1,1,1,4,1,1,1,1,5,1,1,1,1,1,1,5,1
1,1,1,1,1,1,1,1,1,1,1,1,1,4,1,1,1,1,1,1,1,1,1,1,1,1,1,1,1,1,1,1,1,1,1,4,1,1,1,1,5,5,1,1,1,1,1,5,5,1
1,1,1,1,1,1,1,1,1,1,1,1,4,1,1,1,1,1,1,1,1,1,1,1,1,1,1,1,1,1,1,1,1,1,1,1,1,1,1,5,5,5,1,1,1,1,5,5,5,1
1,1,1,1,1,1,1,1,1,1,1,4,1,1,1,1,1,1,1,1,1,1,1,1,1,1,1,1,1,1,1,1,1,1,1,1,1,1,5,5,5,5,1,1,1,5,5,5,5,1
1,1,1,1,1,1,1,1,1,1,4,1,1,1,1,1,1,1,1,1,1,1,1,1,1,1,1,4,1,1,1,1,1,1,1,1,1,5,5,5,5,5,1,1,5,5,5,5,5,4
1,1,1,1,1,1,1,1,1,4,1,1,1,1,1,1,1,1,1,1,1,1,1,1,1,1,4,1,1,1,1,1,1,1,1,1,5,5,5,5,5,1,1,5,5,5,5,5,1,1
1,1,1,1,1,1,1,1,4,1,1,1,1,1,1,1,1,1,1,1,1,1,1,1,1,4,1,1,1,1,1,1,1,1,1,5,5,5,5,5,1,1,5,5,5,5,5,1,1,1
1,1,1,1,1,1,1,4,1,1,1,1,1,1,1,1,1,1,1,1,1,1,1,1,4,1,1,1,1,1,1,1,1,1,1,5,5,5,5,1,1,1,5,5,5,5,1,1,1,4
1,1,1,1,1,1,1,1,1,1,1,1,1,1,1,1,1,1,1,1,1,1,1,4,1,1,1,1,1,1,1,1,1,1,4,5,5,5,1,1,1,1,5,5,5,1,1,1,1,1
1,1,1,1,1,1,1,1,1,1,1,1,1,1,1,1,1,1,1,1,1,1,4,1,1,1,1,1,1,1,1,1,1,4,1,5,5,1,1,1,1,1,5,5,1,1,1,1,1,1
1,1,1,1,1,1,1,1,1,1,1,1,1,1,1,1,1,1,1,1,1,4,1,1,1,1,1,1,1,1,1,1,4,1,1,5,1,1,1,1,1,1,5,1,1,1,1,1,1,1
1,1,1,1,1,1,0,1,1,1,1,1,1,0,1,1,1,1,1,1,0,1,1,1,1,1,1,0,1,1,1,4,1,1,0,1,1,1,1,1,1,0,1,1,1,1,1,1,0,1
1,1,1,1,1,0,0,1,1,1,1,1,0,0,1,1,1,1,1,0,0,1,1,1,1,1,0,0,1,1,4,1,1,0,0,1,1,1,1,1,0,0,1,1,1,1,1,0,0,1
1,1,1,1,0,0,0,1,1,1,1,0,0,0,1,1,1,1,0,0,0,1,1,1,1,0,0,0,1,4,1,1,0,0,0,1,1,1,1,0,0,0,1,1,1,1,0,0,0,1
0,0,0,1,1,1,1,0,0,0,1,1,1,1,0,0,0,1,1,1,1,0,0,0,1,1,1,1,0,0,0,1,1,4,1,0,0,0,1,1,1,1,0,0,0,1,1,1,1,1
0,0,1,1,1,1,1,0,0,1,1,1,1,1,0,0,1,1,1,1,1,0,0,1,1,1,1,1,0,0,1,1,4,1,1,0,0,1,1,1,1,1,0,0,1,1,1,1,1,1
0,1,1,1,1,1,1,0,1,1,1,1,1,1,0,1,1,1,1,1,1,0,1,1,1,1,1,1,0,1,1,4,1,1,1,0,1,1,1,1,1,1,0,1,1,1,1,1,1,1
1,1,1,1,1,1,1,1,1,1,1,1,1,1,1,1,1,1,1,1,1,1,1,1,1,1,1,1,1,1,4,1,1,1,1,1,1,1,1,1,1,1,1,1,1,1,1,1,1,1
1,1,1,1,1,1,1,1,1,1,1,1,1,1,1,1,1,1,1,1,1,1,1,1,1,1,1,1,1,4,1,1,1,1,5,1,1,1,1,1,1,5,1,1,1,1,1,1,5,1
1,1,1,1,1,1,4,1,1,1,1,1,1,1,1,1,1,1,1,1,1,1,1,1,1,1,1,1,4,1,1,1,1,5,5,1,1,1,1,1,5,5,1,1,1,1,1,5,5,1
1,1,1,1,1,4,1,1,1,1,1,1,1,1,1,1,1,1,1,1,1,1,1,1,1,1,1,1,1,1,1,1,5,5,5,1,1,1,1,5,5,5,1,1,1,1,5,5,5,1
1,1,1,1,4,1,1,1,1,1,1,1,1,1,1,1,1,1,1,1,1,1,1,1,1,1,1,1,1,1,1,5,5,5,5,1,1,1,5,5,5,5,1,1,1,5,5,5,5,1
1,1,1,4,1,1,1,1,1,1,1,1,1,1,1,1,1,1,1,1,4,1,1,1,1,1,1,1,1,1,5,5,5,5,5,1,1,5,5,5,5,5,1,1,5,5,5,5,5,4
1,1,4,1,1,1,1,1,1,1,1,1,1,1,1,1,1,1,1,4,1,1,1,1,1,1,1,1,1,5,5,5,5,5,1,1,5,5,5,5,5,1,1,5,5,5,5,5,1,1
1,4,1,1,1,1,1,1,1,1,1,1,1,1,1,1,1,1,4,1,1,1,1,1,1,1,1,1,5,5,5,5,5,1,1,5,5,5,5,5,1,1,5,5,5,5,5,1,1,1
4,1,1,1,1,1,1,1,1,1,1,1,1,1,1,1,1,4,1,1,1,1,1,1,1,1,1,1,5,5,5,5,1,1,1,5,5,5,5,1,1,1,5,5,5,5,1,1,1,4
1,1,1,1,1,1,1,1,1,1,1,1,1,1,1,1,4,1,1,1,1,1,1,1,1,1,1,4,5,5,5,1,1,1,1,5,5,5,1,1,1,1,5,5,5,1,1,1,1,1
1,1,1,1,1,1,1,1,1,1,1,1,1,1,1,4,1,1,1,1,1,1,1,1,1,1,4,1,5,5,1,1,1,1,1,5,5,1,1,1,1,1,5,5,1,1,1,1,1,1
1,1,1,1,1,1,1,1,1,1,1,1,1,1,4,1,1,1,1,1,1,1,1,1,1,4,1,1,5,1,1,1,1,1,1,5,1,1,1,1,1,1,5,1,1,1,1,1,1,1
1,1,1,1,1,1,0,1,1,1,1,1,1,0,1,1,1,1,1,1,0,1,1,1,4,1,1,0,1,1,1,1,1,1,0,1,1,1,1,1,1,0,1,1,1,1,1,1,0,4
1,1,1,1,1,0,0,1,1,1,1,1,0,0,1,1,1,1,1,0,0,1,1,4,1,1,0,0,1,1,1,1,1,0,0,1,1,1,1,1,0,0,1,1,1,1,1,0,0,1
1,1,1,1,0,0,0,1,1,1,1,0,0,0,1,1,1,1,0,0,0,1,4,1,1,0,0,0,1,1,1,1,0,0,0,1,1,1,1,0,0,0,1,1,1,1,0,0,0,1
0,0,0,1,1,1,1,0,0,0,1,1,1,1,0,0,0,1,1,1,1,0,0,0,1,1,4,1,0,0,0,1,1,1,1,0,0,0,1,1,1,1,0,0,0,1,1,1,1,1
0,0,1,1,1,1,1,0,0,1,1,1,1,1,0,0,1,1,1,1,1,0,0,1,1,4,1,1,0,0,1,1,1,1,1,0,0,1,1,1,1,1,0,0,1,1,1,1,1,1
0,1,1,1,1,1,1,0,1,1,1,1,1,1,0,1,1,1,1,1,1,0,1,1,4,1,1,1,0,1,1,1,1,1,1,0,1,1,1,1,1,1,0,1,1,1,1,1,1,4
1,1,1,1,1,1,1,1,1,1,1,1,1,1,1,1,1,1,1,1,1,1,1,4,1,1,1,1,1,1,1,1,1,1,1,1,1,1,1,1,1,1,1,1,1,1,1,1,1,4
1,1,1,1,1,1,1,1,1,1,1,1,1,1,1,1,1,1,1,1,1,1,4,1,1,1,1,5,1,1,1,1,1,1,5,1,1,1,1,1,1,5,1,1,1,1,1,1,5,4
1,1,1,1,1,1,1,1,1,1,1,1,1,1,1,1,1,1,1,1,1,4,1,1,1,1,5,5,1,1,1,1,1,5,5,1,1,1,1,1,5,5,1,1,1,1,1,5,5,4
1,1,1,1,1,1,1,1,1,1,1,1,1,1,1,1,1,1,1,1,1,1,1,1,1,5,5,5,1,1,1,1,5,5,5,1,1,1,1,5,5,5,1,1,1,1,5,5,5,4
1,1,1,1,1,1,1,1,1,1,1,1,1,1,1,1,1,1,1,1,1,1,1,1,5,5,5,5,1,1,1,5,5,5,5,1,1,1,5,5,5,5,1,1,1,5,5,5,5,5
1,1,1,1,1,1,1,1,1,1,1,1,1,4,1,1,1,1,1,1,1,1,1,5,5,5,5,5,1,1,5,5,5,5,5,1,1,5,5,5,5,5,1,1,5,5,5,5,5,5
1,1,1,1,1,1,1,1,1,1,1,1,4,1,1,1,1,1,1,1,1,1,5,5,5,5,5,1,1,5,5,5,5,5,1,1,5,5,5,5,5,1,1,5,5,5,5,5,1,5
1,1,1,1,1,1,1,1,1,1,1,4,1,1,1,1,1,1,1,1,1,5,5,5,5,5,1,1,5,5,5,5,5,1,1,5,5,5,5,5,1,1,5,5,5,5,5,1,1,5
1,1,1,1,1,1,1,1,1,1,4,1,1,1,1,1,1,1,1,1,1,5,5,5,5,1,1,1,5,5,5,5,1,1,1,5,5,5,5,1,1,1,5,5,5,5,1,1,1,5
1,1,1,1,1,1,1,1,1,4,1,1,1,1,1,1,1,1,1,1,4,5,5,5,1,1,1,1,5,5,5,1,1,1,1,5,5,5,1,1,1,1,5,5,5,1,1,1,1,1
1,1,1,1,1,1,1,1,4,1,1,1,1,1,1,1,1,1,1,4,1,5,5,1,1,1,1,1,5,5,1,1,1,1,1,5,5,1,1,1,1,1,5,5,1,1,1,1,1,1
1,1,1,1,1,1,1,4,1,1,1,1,1,1,1,1,1,1,4,1,1,5,1,1,1,1,1,1,5,1,1,1,1,1,1,5,1,1,1,1,1,1,5,1,1,1,1,1,1,1
1,1,1,1,1,1,0,1,1,1,1,1,1,0,1,1,1,4,1,1,0,1,1,1,1,1,1,0,1,1,1,1,1,1,0,1,1,1,1,1,1,0,1,1,1,1,1,1,0,1
1,1,1,1,1,0,0,1,1,1,1,1,0,0,1,1,4,1,1,0,0,1,1,1,1,1,0,0,1,1,1,1,1,0,0,1,1,1,1,1,0,0,1,1,1,1,1,0,0,1
1,1,1,1,0,0,0,1,1,1,1,0,0,0,1,4,1,1,0,0,0,1,1,1,1,0,0,0,1,1,1,1,0,0,0,1,1,1,1,0,0,0,1,1,1,1,0,0,0,1
0,0,0,1,1,1,1,0,0,0,1,1,1,1,0,0,0,1,1,4,1,0,0,0,1,1,1,1,0,0,0,1,1,1,1,0,0,0,1,1,1,1,0,0,0,1,1,1,1,1
0,0,1,1,1,1,1,0,0,1,1,1,1,1,0,0,1,1,4,1,1,0,0,1,1,1,1,1,0,0,1,1,1,1,1,0,0,1,1,1,1,1,0,0,1,1,1,1,1,1
0,1,1,1,1,1,1,0,1,1,1,1,1,1,0,1,1,4,1,1,1,0,1,1,1,1,1,1,0,1,1,1,1,1,1,0,1,1,1,1,1,1,0,1,1,1,1,1,1,1
1,1,1,1,1,1,1,1,1,1,1,1,1,1,1,1,4,1,1,1,1,1,1,1,1,1,1,1,1,1,1,1,1,1,1,1,1,1,1,1,1,1,1,1,1,1,1,1,1,1
1,1,1,1,1,1,1,1,1,1,1,1,1,1,1,4,1,1,1,1,5,1,1,1,1,1,1,5,1,1,1,1,1,1,5,1,1,1,1,1,1,5,1,1,1,1,1,1,1,1
1,1,1,1,1,1,1,1,1,1,1,1,1,1,4,1,1,1,1,5,5,1,1,1,1,1,5,5,1,1,1,1,1,5,5,1,1,1,1,1,5,5,1,1,1,1,1,1,1,1
1,1,1,1,1,1,1,1,1,1,1,1,1,1,1,1,1,1,5,5,5,1,1,1,1,5,5,5,1,1,1,1,5,5,5,1,1,1,1,5,5,5,1,1,1,1,1,1,1,1
1,1,1,1,1,1,1,1,1,1,1,1,1,1,1,1,1,5,5,5,5,1,1,1,5,5,5,5,1,1,1,5,5,5,5,1,1,1,5,5,5,5,1,1,1,1,1,1,1,5
1,1,1,1,1,1,4,1,1,1,1,1,1,1,1,1,5,5,5,5,5,1,1,5,5,5,5,5,1,1,5,5,5,5,5,1,1,5,5,5,5,5,1,1,1,1,1,1,1,5
1,1,1,1,1,4,1,1,1,1,1,1,1,1,1,5,5,5,5,5,1,1,5,5,5,5,5,1,1,5,5,5,5,5,1,1,5,5,5,5,5,1,1,1,1,1,1,1,1,5
1,1,1,1,4,1,1,1,1,1,1,1,1,1,5,5,5,5,5,1,1,5,5,5,5,5,1,1,5,5,5,5,5,1,1,5,5,5,5,5,1,1,1,1,1,1,1,1,1,5
1,1,1,4,1,1,1,1,1,1,1,1,1,1,5,5,5,5,1,1,1,5,5,5,5,1,1,1,5,5,5,5,1,1,1,5,5,5,5,1,1,1,1,1,1,1,1,1,1,5
1,1,4,1,1,1,1,1,1,1,1,1,1,4,5,5,5,1,1,1,1,5,5,5,1,1,1,1,5,5,5,1,1,1,1,5,5,5,1,1,1,1,1,1,1,1,1,1,1,1
1,4,1,1,1,1,1,1,1,1,1,1,4,1,5,5,1,1,1,1,1,5,5,1,1,1,1,1,5,5,1,1,1,1,1,5,5,1,1,1,1,1,1,1,1,1,1,1,1,1
4,1,1,1,1,1,1,1,1,1,1,4,1,1,5,1,1,1,1,1,1,5,1,1,1,1,1,1,5,1,1,1,1,1,1,5,1,1,1,1,1,1,1,1,1,1,1,1,1,1
1,1,1,1,1,1,0,1,1,1,4,1,1,0,1,1,1,1,1,1,0,1,1,1,1,1,1,0,1,1,1,1,1,1,0,1,1,1,1,1,1,0,1,1,1,1,1,1,0,1
1,1,1,1,1,0,0,1,1,4,1,1,0,0,1,1,1,1,1,0,0,1,1,1,1,1,0,0,1,1,1,1,1,0,0,1,1,1,1,1,0,0,1,1,1,1,1,0,0,1
1,1,1,1,0,0,0,1,4,1,1,0,0,0,1,1,1,1,0,0,0,1,1,1,1,0,0,0,1,1,1,1,0,0,0,1,1,1,1,0,0,0,1,1,1,1,0,0,0,1
0,0,0,1,1,1,1,0,0,0,1,1,4,1,0,0,0,1,1,1,1,0,0,0,1,1,1,1,0,0,0,1,1,1,1,0,0,0,1,1,1,1,0,0,0,1,1,1,1,1
0,0,1,1,1,1,1,0,0,1,1,4,1,1,0,0,1,1,1,1,1,0,0,1,1,1,1,1,0,0,1,1,1,1,1,0,0,1,1,1,1,1,0,0,1,1,1,1,1,1
0,1,1,1,1,1,1,0,1,1,4,1,1,1,0,1,1,1,1,1,1,0,1,1,1,1,1,1,0,1,1,1,1,1,1,0,1,1,1,1,1,1,0,1,1,1,1,1,1,1
1,1,1,1,1,1,1,1,1,4,1,1,1,1,1,1,1,1,1,1,1,1,1,1,1,1,1,1,1,1,1,1,1,1,1,1,1,1,1,1,1,1,1,1,1,1,1,1,1,1
1,1,1,1,1,1,1,1,4,1,1,1,1,5,1,1,1,1,1,1,5,1,1,1,1,1,1,5,1,1,1,1,1,1,5,1,1,1,1,1,1,1,1,1,1,1,1,1,1,1
1,1,1,1,1,1,1,4,1,1,1,1,5,5,1,1,1,1,1,5,5,1,1,1,1,1,5,5,1,1,1,1,1,5,5,1,1,1,1,1,1,1,1,1,1,1,1,1,1,1
1,1,1,1,1,1,1,1,1,1,1,5,5,5,1,1,1,1,5,5,5,1,1,1,1,5,5,5,1,1,1,1,5,5,5,1,1,1,1,1,1,1,1,1,1,1,1,1,1,1
1,1,1,1,1,1,1,1,1,1,5,5,5,5,1,1,1,5,5,5,5,1,1,1,5,5,5,5,1,1,1,5,5,5,5,1,1,1,1,1,1,1,1,1,1,1,1,1,1,5
1,1,1,1,1,1,1,1,1,5,5,5,5,5,1,1,5,5,5,5,5,1,1,5,5,5,5,5,1,1,5,5,5,5,5,1,1,1,1,1,1,1,1,1,1,1,1,1,1,5
1,1,1,1,1,1,1,1,5,5,5,5,5,1,1,5,5,5,5,5,1,1,5,5,5,5,5,1,1,5,5,5,5,5,1,1,1,1,1,1,1,1,1,1,1,1,1,1,1,5
1,1,1,1,1,1,1,5,5,5,5,5,1,1,5,5,5,5,5,1,1,5,5,5,5,5,1,1,5,5,5,5,5,1,1,1,1,1,1,1,1,1,1,1,1,1,1,1,1,5
1,1,1,1,1,1,1,5,5,5,5,1,1,1,5,5,5,5,1,1,1,5,5,5,5,1,1,1,5,5,5,5,1,1,1,1,1,1,1,1,1,1,1,1,1,1,1,1,1,5
1,1,1,1,1,1,4,5,5,5,1,1,1,1,5,5,5,1,1,1,1,5,5,5,1,1,1,1,5,5,5,1,1,1,1,1,1,1,1,1,1,1,1,1,1,1,1,1,1,1
1,1,1,1,1,4,1,5,5,1,1,1,1,1,5,5,1,1,1,1,1,5,5,1,1,1,1,1,5,5,1,1,1,1,1,1,1,1,1,1,1,1,1,1,1,1,1,1,1,1
1,1,1,1,4,1,1,5,1,1,1,1,1,1,5,1,1,1,1,1,1,5,1,1,1,1,1,1,5,1,1,1,1,1,1,1,1,1,1,1,1,1,1,1,1,1,1,1,1,1
1,1,1,4,1,1,0,1,1,1,1,1,1,0,1,1,1,1,1,1,0,1,1,1,1,1,1,0,1,1,1,1,1,1,0,1,1,1,1,1,1,0,1,1,1,1,1,1,0,1
1,1,4,1,1,0,0,1,1,1,1,1,0,0,1,1,1,1,1,0,0,1,1,1,1,1,0,0,1,1,1,1,1,0,0,1,1,1,1,1,0,0,1,1,1,1,1,0,0,1
1,4,1,1,0,0,0,1,1,1,1,0,0,0,1,1,1,1,0,0,0,1,1,1,1,0,0,0,1,1,1,1,0,0,0,1,1,1,1,0,0,0,1,1,1,1,0,0,0,1
0,0,0,1,1,4,1,0,0,0,1,1,1,1,0,0,0,1,1,1,1,0,0,0,1,1,1,1,0,0,0,1,1,1,1,0,0,0,1,1,1,1,0,0,0,1,1,1,1,1
0,0,1,1,4,1,1,0,0,1,1,1,1,1,0,0,1,1,1,1,1,0,0,1,1,1,1,1,0,0,1,1,1,1,1,0,0,1,1,1,1,1,0,0,1,1,1,1,1,1
0,1,1,4,1,1,1,0,1,1,1,1,1,1,0,1,1,1,1,1,1,0,1,1,1,1,1,1,0,1,1,1,1,1,1,0,1,1,1,1,1,1,0,1,1,1,1,1,1,1
1,1,4,1,1,1,1,1,1,1,1,1,1,1,1,1,1,1,1,1,1,1,1,1,1,1,1,1,1,1,1,1,1,1,1,1,1,1,1,1,1,1,1,1,1,1,1,1,1,1
1,4,1,1,1,1,5,1,1,1,1,1,1,5,1,1,1,1,1,1,5,1,1,1,1,1,1,5,1,1,1,1,1,1,1,1,1,1,1,1,1,1,1,1,1,1,1,1,1,1
4,1,1,1,1,5,5,1,1,1,1,1,5,5,1,1,1,1,1,5,5,1,1,1,1,1,5,5,1,1,1,1,1,1,1,1,1,1,1,1,1,1,1,1,1,1,1,1,1,1
1,1,1,1,5,5,5,1,1,1,1,5,5,5,1,1,1,1,5,5,5,1,1,1,1,5,5,5,1,1,1,1,1,1,1,1,1,1,1,1,1,1,1,1,1,1,1,1,1,1
1,1,1,5,5,5,5,1,1,1,5,5,5,5,1,1,1,5,5,5,5,1,1,1,5,5,5,5,1,1,1,1,1,1,1,1,1,1,1,1,1,1,1,1,1,1,1,1,1,5
1,1,5,5,5,5,5,1,1,5,5,5,5,5,1,1,5,5,5,5,5,1,1,5,5,5,5,5,1,1,1,1,1,1,1,1,1,1,1,1,1,1,1,1,1,1,1,1,1,5
1,5,5,5,5,5,1,1,5,5,5,5,5,1,1,5,5,5,5,5,1,1,5,5,5,5,5,1,1,1,1,1,1,1,1,1,1,1,1,1,1,1,1,1,1,1,1,1,1,5
5,5,5,5,5,1,1,5,5,5,5,5,1,1,5,5,5,5,5,1,1,5,5,5,5,5,1,1,1,1,1,1,1,1,1,1,1,1,1,1,1,1,1,1,1,1,1,1,4,5
5,5,5,5,1,1,1,5,5,5,5,1,1,1,5,5,5,5,1,1,1,5,5,5,5,1,1,1,1,1,1,1,1,1,1,1,1,1,1,1,1,1,1,1,1,1,1,4,1,5
5,5,5,1,1,1,1,5,5,5,1,1,1,1,5,5,5,1,1,1,1,5,5,5,1,1,1,1,1,1,1,1,1,1,1,1,1,1,1,1,1,1,1,1,1,1,4,1,1,1
5,5,1,1,1,1,1,5,5,1,1,1,1,1,5,5,1,1,1,1,1,5,5,1,1,1,1,1,1,1,1,1,1,1,1,1,1,1,1,1,1,1,1,1,1,4,1,1,1,1
5,1,1,1,1,1,1,5,1,1,1,1,1,1,5,1,1,1,1,1,1,5,1,1,1,1,1,1,1,1,1,1,1,1,1,1,1,1,1,1,1,1,1,1,4,1,1,1,1,1
1,1,1,1,1,1,0,1,1,1,1,1,1,0,1,1,1,1,1,1,0,1,1,1,1,1,1,0,1,1,1,1,1,1,0,1,1,1,1,1,1,0,1,4,1,1,1,1,0,1
1,1,1,1,1,0,0,1,1,1,1,1,0,0,1,1,1,1,1,0,0,1,1,1,1,1,0,0,1,1,1,1,1,0,0,1,1,1,1,1,0,0,4,1,1,1,1,0,0,1
0,0,0,1,1,1,1,0,0,0,1,1,1,1,0,0,0,1,1,1,1,0,0,0,1,1,1,1,0,0,0,1,1,1,1,0,0,0,1,1,1,1,0,0,0,1,1,1,1,1
0,0,1,1,1,1,1,0,0,1,1,1,1,1,0,0,1,1,1,1,1,0,0,1,1,1,1,1,0,0,1,1,1,1,1,0,0,1,1,1,1,1,0,0,1,1,1,1,1,1
0,1,1,1,1,1,1,0,1,1,1,1,1,1,0,1,1,1,1,1,1,0,1,1,1,1,1,1,0,1,1,1,1,1,1,0,1,1,1,1,1,1,0,1,1,1,1,1,1,1
1,1,1,1,1,1,1,1,1,1,1,1,1,1,1,1,1,1,1,1,1,1,1,1,1,1,1,1,1,1,1,1,1,1,1,1,1,1,1,1,1,1,1,1,1,1,1,1,1,1
1,1,1,1,1,1,5,1,1,1,1,1,1,5,1,1,1,1,1,1,5,1,1,1,1,1,1,1,1,1,1,1,1,1,1,1,1,1,1,1,1,1,1,1,1,1,1,1,1,1
1,1,1,1,1,5,5,1,1,1,1,1,5,5,1,1,1,1,1,5,5,1,1,1,1,1,1,1,1,1,1,1,1,1,1,1,1,1,1,1,1,1,1,1,1,1,1,1,1,1
1,1,1,1,5,5,5,1,1,1,1,5,5,5,1,1,1,1,5,5,5,1,1,1,1,1,1,1,1,1,1,1,1,1,1,1,1,1,1,1,1,1,1,1,1,1,1,1,1,1
1,1,1,5,5,5,5,1,1,1,5,5,5,5,1,1,1,5,5,5,5,1,1,1,1,1,1,1,1,1,1,1,1,1,1,1,1,1,1,1,1,1,1,1,1,1,1,1,1,1
1,1,5,5,5,5,5,1,1,5,5,5,5,5,1,1,5,5,5,5,5,1,1,1,1,1,1,1,1,1,1,1,1,1,1,1,1,1,1,1,1,1,1,1,1,1,1,1,1,1
1,5,5,5,5,5,1,1,5,5,5,5,5,1,1,5,5,5,5,5,1,1,1,1,1,1,1,1,1,1,1,1,1,1,1,1,1,1,1,1,1,1,1,1,1,1,1,1,1,1
5,5,5,5,5,1,1,5,5,5,5,5,1,1,5,5,5,5,5,1,1,1,1,1,1,1,1,1,1,1,1,1,1,1,1,1,1,1,1,1,1,4,1,1,1,1,1,1,1,1
5,5,5,5,1,1,1,5,5,5,5,1,1,1,5,5,5,5,1,1,1,1,1,1,1,1,1,1,1,1,1,1,1,1,1,1,1,1,1,1,4,1,1,1,1,1,1,1,1,1
5,5,5,1,1,1,1,5,5,5,1,1,1,1,5,5,5,1,1,1,1,1,1,1,1,1,1,1,1,1,1,1,1,1,1,1,1,1,1,4,1,1,1,1,1,1,1,1,1,1
5,5,1,1,1,1,1,5,5,1,1,1,1,1,5,5,1,1,1,1,1,1,1,1,1,1,1,1,1,1,1,1,1,1,1,1,1,1,4,1,1,1,1,1,1,1,1,1,1,1
5,1,1,1,1,1,1,5,1,1,1,1,1,1,5,1,1,1,1,1,1,1,1,1,1,1,1,1,1,1,1,1,1,1,1,1,1,4,1,1,1,1,1,1,1,1,1,1,1,1
1,1,1,1,1,1,0,1,1,1,1,1,1,0,1,1,1,1,1,1,0,1,1,1,1,1,1,0,1,1,1,1,1,1,0,1,4,1,1,1,1,0,1,1,1,1,1,1,0,1
1,1,1,1,1,0,0,1,1,1,1,1,0,0,1,1,1,1,1,0,0,1,1,1,1,1,0,0,1,1,1,1,1,0,0,4,1,1,1,1,0,0,1,1,1,1,1,0,0,1
1,1,1,1,1,1,5,1,1,1,1,1,1,5,1,1,1,1,1,1,1,1,1,1,1,1,1,1,1,1,1,1,1,1,1,1,1,1,1,1,1,1,1,1,1,1,1,1,1,1
1,1,1,1,1,5,5,1,1,1,1,1,5,5,1,1,1,1,1,1,1,1,1,1,1,1,1,1,1,1,1,1,1,1,1,1,1,1,1,1,1,1,1,1,1,1,1,1,1,1
1,1,1,1,5,5,5,1,1,1,1,5,5,5,1,1,1,1,1,1,1,1,1,1,1,1,1,1,1,1,1,1,1,1,1,1,1,1,1,1,1,1,1,1,1,1,1,1,1,1
1,1,1,5,5,5,5,1,1,1,5,5,5,5,1,1,1,1,1,1,1,1,1,1,1,1,1,1,1,1,1,1,1,1,1,1,1,1,1,1,1,1,1,1,1,1,1,1,1,1
1,1,5,5,5,5,5,1,1,5,5,5,5,5,1,1,1,1,1,1,1,1,1,1,1,1,1,1,1,1,1,1,1,1,1,1,1,1,1,1,1,1,1,1,1,1,1,1,1,1
1,5,5,5,5,5,1,1,5,5,5,5,5,1,1,1,1,1,1,1,1,1,1,1,1,1,1,1,1,1,1,1,1,1,1,1,1,1,1,1,1,1,1,1,1,1,1,1,1,1
5,5,5,5,5,1,1,5,5,5,5,5,1,1,1,1,1,1,1,1,1,1,1,1,1,1,1,1,1,1,1,1,1,1,4,1,1,1,1,1,1,1,1,1,1,1,1,1,1,1
5,5,5,5,1,1,1,5,5,5,5,1,1,1,1,1,1,1,1,1,1,1,1,1,1,1,1,1,1,1,1,1,1,4,1,1,1,1,1,1,1,1,1,1,1,1,1,1,1,1
5,5,5,1,1,1,1,5,5,5,1,1,1,1,1,1,1,1,1,1,1,1,1,1,1,1,1,1,1,1,1,1,4,1,1,1,1,1,1,1,1,1,1,1,1,1,1,1,1,1
5,5,1,1,1,1,1,5,5,1,1,1,1,1,1,1,1,1,1,1,1,1,1,1,1,1,1,1,1,1,1,4,1,1,1,1,1,1,1,1,1,1,1,1,1,1,1,1,1,1
5,1,1,1,1,1,1,5,1,1,1,1,1,1,1,1,1,1,1,1,1,1,1,1,1,1,1,1,1,1,4,1,1,1,1,1,1,1,1,1,1,1,1,1,1,1,1,1,1,1
1,1,1,1,1,1,0,1,1,1,1,1,1,0,1,1,1,1,1,1,0,1,1,1,1,1,1,0,1,4,1,1,1,1,0,1,1,1,1,1,1,0,1,1,1,1,1,1,0,1
1,1,1,1,1,0,0,1,1,1,1,1,0,0,1,1,1,1,1,0,0,1,1,1,1,1,0,0,4,1,1,1,1,0,0,1,1,1,1,1,0,0,1,1,1,1,1,0,0,1
0,0,0,1,1,1,1,0,0,0,1,1,1,1,0,0,0,1,1,1,1,0,0,0,1,1,1,1,0,0,0,1,1,1,1,0,0,0,1,1,1,1,0,0,0,0,0,0,0,1
0,0,1,1,1,1,1,0,0,1,1,1,1,1,0,0,1,1,1,1,1,0,0,1,1,1,1,1,0,0,1,1,1,1,1,0,0,1,1,1,1,1,0,0,0,0,0,0,0,1
0,1,1,1,1,1,1,0,1,1,1,1,1,1,0,1,1,1,1,1,1,0,1,1,1,1,1,1,0,1,1,1,1,1,1,0,1,1,1,1,1,1,0,0,0,0,0,0,0,1
1,1,1,1,1,1,5,1,1,1,1,1,1,1,1,1,1,1,1,1,1,1,1,1,1,1,1,1,1,1,1,1,1,1,1,1,1,1,1,1,1,1,0,0,0,0,0,0,0,1
1,1,1,1,1,5,5,1,1,1,1,1,1,1,1,1,1,1,1,1,1,1,1,1,1,1,1,1,1,1,1,1,1,1,1,1,1,1,1,1,1,1,0,0,0,0,0,0,0,1
1,1,1,1,5,5,5,1,1,1,1,1,1,1,1,1,1,1,1,1,1,1,1,1,1,1,1,1,1,1,1,1,1,1,1,1,1,1,1,1,1,1,0,0,0,0,0,0,0,1
1,1,1,5,5,5,5,1,1,1,1,1,1,1,1,1,1,1,1,1,1,1,1,1,1,1,1,1,1,1,1,1,1,1,1,1,1,1,1,1,1,1,0,0,0,0,0,0,0,1
1,1,5,5,5,5,5,1,1,1,1,1,1,1,1,1,1,1,1,1,1,1,1,1,1,1,1,1,1,1,1,1,1,1,1,1,1,1,1,1,1,1,0,0,0,0,0,0,0,1
1,5,5,5,5,5,1,1,1,1,1,1,1,1,1,1,1,1,1,1,1,1,1,1,1,1,1,1,1,1,1,1,1,1,1,1,1,1,1,1,1,1,0,0,0,0,0,0,0,1
5,5,5,5,5,1,1,1,1,1,1,1,1,1,1,1,1,1,1,1,1,1,1,1,1,1,1,4,1,1,1,1,1,1,1,1,1,1,1,1,1,1,0,0,0,0,0,0,0,1
5,5,5,5,1,1,1,1,1,1,1,1,1,1,1,1,1,1,1,1,1,1,1,1,1,1,4,1,1,1,1,1,1,1,1,1,1,1,1,1,1,1,0,0,0,0,0,0,0,1
5,5,5,1,1,1,1,1,1,1,1,1,1,1,1,1,1,1,1,1,1,1,1,1,1,4,1,1,1,1,1,1,1,1,1,1,1,1,1,1,1,1,0,0,0,0,0,0,0,1
5,5,1,1,1,1,1,1,1,1,1,1,1,1,1,1,1,1,1,1,1,1,1,1,4,1,1,1,1,1,1,1,1,1,1,1,1,1,1,1,1,1,0,0,0,0,0,0,0,4
5,1,1,1,1,1,1,1,1,1,1,1,1,1,1,1,1,1,1,1,1,1,1,4,1,1,1,1,1,1,1,1,1,1,1,1,1,1,1,1,1,1,0,0,0,0,0,0,0,1
1,1,1,1,1,1,0,1,1,1,1,1,1,0,1,1,1,1,1,1,0,1,4,1,1,1,1,0,1,1,1,1,1,1,0,1,1,1,1,1,1,0,0,0,0,0,0,0,0,1
1,1,1,1,1,0,0,1,1,1,1,1,0,0,1,1,1,1,1,0,0,4,1,1,1,1,0,0,1,1,1,1,1,0,0,1,1,1,1,1,0,0,0,0,0,0,0,0,0,1
0,0,0,1,1,1,1,0,0,0,1,1,1,1,0,0,0,1,1,1,1,0,0,0,1,1,1,1,0,0,0,1,1,1,1,0,0,0,0,0,0,0,0,0,0,0,0,0,0,1
0,0,1,1,1,1,1,0,0,1,1,1,1,1,0,0,1,1,1,1,1,0,0,1,1,1,1,1,0,0,1,1,1,1,1,0,0,0,0,0,0,0,0,0,0,0,0,0,0,1
0,1,1,1,1,1,1,0,1,1,1,1,1,1,0,1,1,1,1,1,1,0,1,1,1,1,1,1,0,1,1,1,1,1,1,0,0,0,0,0,0,0,0,0,0,0,0,0,0,1
1,1,1,1,1,1,1,1,1,1,1,1,1,1,1,1,1,1,1,1,4,1,1,1,1,1,1,1,1,1,1,1,1,1,1,0,0,0,0,0,0,0,0,0,0,0,0,0,0,1
1,1,1,1,1,1,1,1,1,1,1,1,1,1,1,1,1,1,1,4,1,1,1,1,1,1,1,1,1,1,1,1,1,1,1,0,0,0,0,0,0,0,0,0,0,0,0,0,0,1
1,1,1,1,1,1,1,1,1,1,1,1,1,1,1,1,1,1,4,1,1,1,1,1,1,1,1,1,1,1,1,1,1,1,1,0,0,0,0,0,0,0,0,0,0,0,0,0,0,1
1,1,1,1,1,1,1,1,1,1,1,1,1,1,1,1,1,4,1,1,1,1,1,1,1,1,1,1,1,1,1,1,1,1,1,0,0,0,0,0,0,0,0,0,0,0,0,0,0,1
1,1,1,1,1,1,1,1,1,1,1,1,1,1,1,1,4,1,1,1,1,1,1,1,1,1,1,1,1,1,1,1,1,1,1,0,0,0,0,0,0,0,0,0,0,0,0,0,0,1
1,1,1,1,1,1,0,1,1,1,1,1,1,0,1,4,1,1,1,1,0,1,1,1,1,1,1,0,1,1,1,1,1,1,0,0,0,0,0,0,0,0,0,0,0,0,0,0,0,1
1,1,1,1,1,0,0,1,1,1,1,1,0,0,4,1,1,1,1,0,0,1,1,1,1,1,0,0,1,1,1,1,1,0,0,0,0,0,0,0,0,0,0,0,0,0,0,0,0,1
0,0,0,1,1,1,1,0,0,0,1,1,1,1,0,0,0,1,1,1,1,0,0,0,1,1,1,1,0,0,0,0,0,0,0,0,0,0,0,0,0,0,0,0,0,0,0,0,0,1
0,0,1,1,1,1,1,0,0,1,1,1,1,1,0,0,1,1,1,1,1,0,0,1,1,1,1,1,0,0,0,0,0,0,0,0,0,0,0,0,0,0,0,0,0,0,0,0,0,1
0,1,1,1,1,1,1,0,1,1,1,1,1,1,0,1,1,1,1,1,1,0,1,1,1,1,1,1,0,0,0,0,0,0,0,0,0,0,0,0,0,0,0,0,0,0,0,0,0,1
1,1,1,1,1,1,1,1,1,1,1,1,1,4,1,1,1,1,1,1,1,1,1,1,1,1,1,1,0,0,0,0,0,0,0,0,0,0,0,0,0,0,0,0,0,0,0,0,0,1
1,1,1,1,1,1,1,1,1,1,1,1,4,1,1,1,1,1,1,1,1,1,1,1,1,1,1,1,0,0,0,0,0,0,0,0,0,0,0,0,0,0,0,0,0,0,0,0,0,1
1,1,1,1,1,1,1,1,1,1,1,4,1,1,1,1,1,1,1,1,1,1,1,1,1,1,1,1,0,0,0,0,0,0,0,0,0,0,0,0,0,0,0,0,0,0,0,0,0,1
1,1,1,1,1,1,1,1,1,1,4,1,1,1,1,1,1,1,1,1,1,1,1,1,1,1,1,1,0,0,0,0,0,0,0,0,0,0,0,0,0,0,0,0,0,0,0,0,0,1
1,1,1,1,1,1,1,1,1,4,1,1,1,1,1,1,1,1,1,1,1,1,1,1,1,1,1,1,0,0,0,0,0,0,0,0,0,0,0,0,0,0,0,0,0,0,0,0,0,1
1,1,1,1,1,1,0,1,4,1,1,1,1,0,1,1,1,1,1,1,0,1,1,1,1,1,1,0,0,0,0,0,0,0,0,0,0,0,0,0,0,0,0,0,0,0,0,0,0,1
1,1,1,1,1,0,0,4,1,1,1,1,0,0,1,1,1,1,1,0,0,1,1,1,1,1,0,0,0,0,0,0,0,0,0,0,0,0,0,0,0,0,0,0,0,0,0,0,0,1
